-- phpMyAdmin SQL Dump
-- version 5.2.1
-- https://www.phpmyadmin.net/
--
-- Servidor: 127.0.0.1:3306
-- Tiempo de generación: 10-12-2025 a las 00:23:04
-- Versión del servidor: 9.1.0
-- Versión de PHP: 8.3.14

SET SQL_MODE = "NO_AUTO_VALUE_ON_ZERO";
START TRANSACTION;
SET time_zone = "+00:00";


/*!40101 SET @OLD_CHARACTER_SET_CLIENT=@@CHARACTER_SET_CLIENT */;
/*!40101 SET @OLD_CHARACTER_SET_RESULTS=@@CHARACTER_SET_RESULTS */;
/*!40101 SET @OLD_COLLATION_CONNECTION=@@COLLATION_CONNECTION */;
/*!40101 SET NAMES utf8mb4 */;

--
-- Base de datos: `farmacia_inventario`
--

DELIMITER $$
--
-- Procedimientos
--
DROP PROCEDURE IF EXISTS `generar_datos_ecuador`$$
CREATE DEFINER=`root`@`localhost` PROCEDURE `generar_datos_ecuador` ()   BEGIN
    DECLARE i INT DEFAULT 0;
    DECLARE rand_prov INT;
    DECLARE rand_prod INT;
    DECLARE rand_cant INT;
    DECLARE rand_costo DECIMAL(10,2);
    DECLARE rand_precio_venta DECIMAL(10,2);
    DECLARE last_compra_id INT;
    DECLARE last_lote_id INT;
    DECLARE max_lotes INT;
    
    -- ==========================================
    -- A. GENERAR 150 COMPRAS (CORREGIDO)
    -- ==========================================
    SET i = 0;
    WHILE i < 150 DO
        SET rand_prov = FLOOR(1 + (RAND() * 5)); 
        
        -- 1. Creamos la cabecera con total 0 (temporalmente)
        INSERT INTO compras (id_proveedor, fecha_compra, numero_factura, total)
        VALUES (rand_prov, DATE_SUB(NOW(), INTERVAL FLOOR(RAND() * 365) DAY), 
                CONCAT('001-001-', LPAD(FLOOR(RAND()*999999), 9, '0')), 0);
        
        SET last_compra_id = LAST_INSERT_ID();
        
        -- 2. Insertamos el detalle (Productos)
        SET rand_prod = FLOOR(1 + (RAND() * 20)); 
        SET rand_cant = FLOOR(20 + (RAND() * 80)); 
        
        SELECT precio_venta INTO rand_precio_venta FROM productos WHERE id_producto = rand_prod;
        SET rand_costo = rand_precio_venta * (0.6 + (RAND() * 0.1));
        
        INSERT INTO detalle_compras (id_compra, id_producto, cantidad, costo_unitario, lote_codigo, lote_vencimiento)
        VALUES (last_compra_id, rand_prod, rand_cant, rand_costo, 
                CONCAT('L-', FLOOR(1000 + RAND()*9000)), 
                DATE_ADD(NOW(), INTERVAL FLOOR(RAND() * 600) - 50 DAY)); 
        
        -- 3. !!! AQUÍ ESTÁ EL ARREGLO !!!
        -- Calculamos el total de ESTA compra específica y lo actualizamos
        UPDATE compras 
        SET total = (SELECT SUM(cantidad * costo_unitario) FROM detalle_compras WHERE id_compra = last_compra_id)
        WHERE id_compra = last_compra_id;
        
        SET i = i + 1;
    END WHILE;

    -- ==========================================
    -- B. GENERAR 1200 VENTAS (YA ESTABA BIEN)
    -- ==========================================
    SET i = 0;
    SELECT MAX(id_lote) INTO max_lotes FROM lotes;
    
    WHILE i < 1200 DO
        INSERT INTO ventas (id_usuario, cliente_nombre, fecha_venta, total)
        VALUES (FLOOR(1 + RAND() * 4), 
                'Consumidor Final', 
                DATE_SUB(NOW(), INTERVAL FLOOR(RAND() * 365) DAY), 0);
        
        SET last_lote_id = FLOOR(1 + (RAND() * max_lotes));
        
        IF last_lote_id IS NOT NULL THEN
             SELECT id_producto INTO rand_prod FROM lotes WHERE id_lote = last_lote_id LIMIT 1;
             
             IF rand_prod IS NOT NULL THEN
                SELECT precio_venta INTO rand_precio_venta FROM productos WHERE id_producto = rand_prod;
                
                INSERT INTO detalle_ventas (id_venta, id_producto, id_lote, cantidad, precio_unitario, subtotal)
                VALUES (LAST_INSERT_ID(), rand_prod, last_lote_id, 
                        FLOOR(1 + RAND() * 3), 
                        rand_precio_venta, 
                        0);
                
                UPDATE detalle_ventas SET subtotal = cantidad * precio_unitario WHERE id_venta = LAST_INSERT_ID();
                UPDATE ventas SET total = (SELECT SUM(subtotal) FROM detalle_ventas WHERE id_venta = LAST_INSERT_ID()) WHERE id_venta = LAST_INSERT_ID();
             END IF;
        END IF;

        SET i = i + 1;
    END WHILE;

END$$

DELIMITER ;

-- --------------------------------------------------------

--
-- Estructura de tabla para la tabla `compras`
--

DROP TABLE IF EXISTS `compras`;
CREATE TABLE IF NOT EXISTS `compras` (
  `id_compra` int NOT NULL AUTO_INCREMENT,
  `id_proveedor` int NOT NULL,
  `fecha_compra` datetime DEFAULT CURRENT_TIMESTAMP,
  `numero_factura` varchar(50) DEFAULT NULL,
  `total` decimal(10,2) DEFAULT '0.00',
  PRIMARY KEY (`id_compra`),
  KEY `id_proveedor` (`id_proveedor`)
) ENGINE=MyISAM AUTO_INCREMENT=301 DEFAULT CHARSET=utf8mb4 COLLATE=utf8mb4_0900_ai_ci;

--
-- Volcado de datos para la tabla `compras`
--

INSERT INTO `compras` (`id_compra`, `id_proveedor`, `fecha_compra`, `numero_factura`, `total`) VALUES
(1, 4, '2025-07-12 19:04:21', '001-001-000111080', 308.21),
(2, 2, '2024-12-19 19:04:21', '001-001-000846611', 200.00),
(3, 5, '2025-10-21 19:04:21', '001-001-000097543', 323.70),
(4, 5, '2025-11-19 19:04:21', '001-001-000525662', 224.40),
(5, 3, '2025-07-09 19:04:21', '001-001-000646568', 291.72),
(6, 1, '2025-05-16 19:04:21', '001-001-000585343', 112.86),
(7, 3, '2024-12-18 19:04:21', '001-001-000146958', 507.68),
(8, 3, '2025-07-05 19:04:21', '001-001-000340829', 175.68),
(9, 4, '2025-02-25 19:04:21', '001-001-000919695', 328.23),
(10, 4, '2025-04-13 19:04:21', '001-001-000201576', 212.25),
(11, 4, '2025-06-06 19:04:21', '001-001-000491206', 593.46),
(12, 3, '2024-12-31 19:04:21', '001-001-000922313', 303.75),
(13, 4, '2025-11-19 19:04:21', '001-001-000103060', 106.24),
(14, 2, '2024-12-21 19:04:21', '001-001-000037856', 294.84),
(15, 4, '2025-10-28 19:04:21', '001-001-000426098', 549.84),
(16, 3, '2025-07-16 19:04:21', '001-001-000685710', 168.84),
(17, 2, '2025-09-09 19:04:21', '001-001-000472330', 784.08),
(18, 2, '2025-03-07 19:04:21', '001-001-000774023', 773.60),
(19, 4, '2025-10-06 19:04:21', '001-001-000878496', 355.24),
(20, 1, '2025-04-17 19:04:21', '001-001-000684403', 457.62),
(21, 3, '2025-02-11 19:04:21', '001-001-000720314', 282.74),
(22, 2, '2025-12-03 19:04:21', '001-001-000307302', 499.82),
(23, 3, '2025-03-07 19:04:21', '001-001-000060258', 38.50),
(24, 1, '2025-07-23 19:04:21', '001-001-000337478', 267.12),
(25, 1, '2025-01-28 19:04:21', '001-001-000040824', 203.78),
(26, 1, '2025-08-01 19:04:21', '001-001-000154912', 231.35),
(27, 3, '2025-11-30 19:04:21', '001-001-000370824', 372.91),
(28, 3, '2025-02-11 19:04:21', '001-001-000774858', 473.10),
(29, 4, '2025-05-05 19:04:21', '001-001-000860249', 204.10),
(30, 5, '2025-05-05 19:04:21', '001-001-000384624', 291.04),
(31, 4, '2025-10-13 19:04:21', '001-001-000376503', 127.50),
(32, 1, '2025-02-26 19:04:21', '001-001-000842223', 419.51),
(33, 2, '2025-04-08 19:04:21', '001-001-000183222', 38.74),
(34, 3, '2025-07-13 19:04:21', '001-001-000405856', 635.44),
(35, 5, '2025-08-30 19:04:21', '001-001-000767321', 127.50),
(36, 4, '2024-12-21 19:04:21', '001-001-000619398', 68.76),
(37, 3, '2025-06-22 19:04:21', '001-001-000963485', 225.75),
(38, 3, '2024-12-23 19:04:21', '001-001-000292427', 98.31),
(39, 4, '2025-11-10 19:04:21', '001-001-000044687', 146.51),
(40, 2, '2025-09-12 19:04:21', '001-001-000553817', 206.46),
(41, 3, '2025-05-26 19:04:21', '001-001-000235201', 104.72),
(42, 1, '2025-02-08 19:04:21', '001-001-000602980', 690.64),
(43, 2, '2025-09-28 19:04:21', '001-001-000280617', 301.50),
(44, 2, '2025-07-15 19:04:21', '001-001-000838182', 97.80),
(45, 3, '2025-02-21 19:04:21', '001-001-000533035', 431.65),
(46, 2, '2025-06-21 19:04:21', '001-001-000493502', 266.91),
(47, 1, '2025-08-25 19:04:21', '001-001-000929052', 132.94),
(48, 3, '2025-06-10 19:04:21', '001-001-000816469', 588.20),
(49, 5, '2025-07-05 19:04:21', '001-001-000152111', 236.18),
(50, 1, '2025-10-31 19:04:21', '001-001-000320260', 396.90),
(51, 4, '2025-10-04 19:04:21', '001-001-000481150', 413.56),
(52, 4, '2025-02-17 19:04:21', '001-001-000813142', 138.16),
(53, 4, '2025-03-02 19:04:21', '001-001-000985019', 333.20),
(54, 2, '2025-04-27 19:04:21', '001-001-000070463', 345.12),
(55, 2, '2025-03-19 19:04:21', '001-001-000881904', 326.37),
(56, 1, '2025-09-10 19:04:21', '001-001-000112243', 681.30),
(57, 2, '2025-10-04 19:04:21', '001-001-000972425', 511.92),
(58, 5, '2025-02-16 19:04:21', '001-001-000083755', 141.04),
(59, 4, '2025-01-14 19:04:21', '001-001-000103506', 666.61),
(60, 2, '2025-07-23 19:04:21', '001-001-000167043', 152.50),
(61, 4, '2025-06-28 19:04:21', '001-001-000387026', 815.24),
(62, 5, '2025-01-28 19:04:21', '001-001-000675158', 153.93),
(63, 4, '2025-07-07 19:04:21', '001-001-000128693', 108.55),
(64, 1, '2025-04-18 19:04:21', '001-001-000060749', 135.27),
(65, 2, '2025-01-09 19:04:21', '001-001-000914994', 283.20),
(66, 2, '2025-02-11 19:04:21', '001-001-000437183', 308.64),
(67, 2, '2025-09-14 19:04:21', '001-001-000186526', 147.26),
(68, 4, '2025-06-25 19:04:21', '001-001-000058110', 95.48),
(69, 3, '2025-07-03 19:04:21', '001-001-000430281', 108.00),
(70, 2, '2025-12-05 19:04:21', '001-001-000300023', 143.84),
(71, 5, '2024-12-21 19:04:21', '001-001-000867626', 167.98),
(72, 2, '2025-09-13 19:04:21', '001-001-000441394', 298.74),
(73, 4, '2024-12-21 19:04:21', '001-001-000620591', 82.00),
(74, 5, '2025-11-18 19:04:21', '001-001-000574270', 540.23),
(75, 4, '2025-03-25 19:04:21', '001-001-000668160', 56.11),
(76, 4, '2025-10-07 19:04:21', '001-001-000442347', 232.05),
(77, 3, '2025-06-02 19:04:21', '001-001-000336203', 620.86),
(78, 3, '2025-10-31 19:04:21', '001-001-000299576', 120.42),
(79, 2, '2025-10-31 19:04:21', '001-001-000609005', 555.10),
(80, 3, '2025-04-18 19:04:21', '001-001-000793013', 258.44),
(81, 5, '2025-11-28 19:04:21', '001-001-000152452', 31.50),
(82, 5, '2025-07-06 19:04:21', '001-001-000284192', 384.75),
(83, 1, '2025-10-10 19:04:21', '001-001-000671362', 218.28),
(84, 4, '2024-12-21 19:04:21', '001-001-000870267', 186.44),
(85, 5, '2025-04-16 19:04:21', '001-001-000426771', 151.47),
(86, 2, '2025-06-30 19:04:21', '001-001-000313668', 244.87),
(87, 4, '2025-11-21 19:04:21', '001-001-000990358', 221.76),
(88, 3, '2025-05-07 19:04:21', '001-001-000380389', 511.50),
(89, 2, '2025-07-04 19:04:21', '001-001-000163487', 255.85),
(90, 2, '2025-05-13 19:04:21', '001-001-000918035', 335.96),
(91, 3, '2025-02-06 19:04:21', '001-001-000705404', 35.42),
(92, 4, '2025-03-17 19:04:21', '001-001-000736987', 323.38),
(93, 1, '2025-09-27 19:04:21', '001-001-000387145', 104.19),
(94, 2, '2025-03-03 19:04:21', '001-001-000196462', 138.84),
(95, 3, '2024-12-09 19:04:21', '001-001-000705686', 228.20),
(96, 4, '2025-09-28 19:04:21', '001-001-000140848', 329.60),
(97, 3, '2025-06-30 19:04:21', '001-001-000919346', 363.34),
(98, 5, '2025-03-12 19:04:21', '001-001-000260290', 194.40),
(99, 4, '2025-07-01 19:04:21', '001-001-000995212', 88.23),
(100, 5, '2025-11-14 19:04:21', '001-001-000893501', 391.16),
(101, 2, '2025-03-30 19:04:21', '001-001-000276289', 504.80),
(102, 5, '2025-04-30 19:04:21', '001-001-000227544', 602.88),
(103, 5, '2025-11-16 19:04:21', '001-001-000828601', 681.20),
(104, 1, '2025-09-19 19:04:21', '001-001-000038224', 501.84),
(105, 1, '2025-08-22 19:04:21', '001-001-000373791', 1194.16),
(106, 4, '2025-02-09 19:04:21', '001-001-000958477', 473.55),
(107, 4, '2025-06-02 19:04:21', '001-001-000367906', 226.00),
(108, 3, '2025-04-30 19:04:21', '001-001-000656402', 124.95),
(109, 1, '2025-10-25 19:04:21', '001-001-000011969', 386.13),
(110, 2, '2025-03-24 19:04:21', '001-001-000549045', 558.00),
(111, 3, '2025-10-04 19:04:21', '001-001-000222552', 139.86),
(112, 4, '2025-09-20 19:04:21', '001-001-000744277', 101.66),
(113, 2, '2025-07-17 19:04:21', '001-001-000848698', 261.80),
(114, 1, '2025-11-12 19:04:21', '001-001-000971319', 84.28),
(115, 1, '2025-03-09 19:04:21', '001-001-000212748', 440.80),
(116, 2, '2025-07-01 19:04:21', '001-001-000436408', 124.74),
(117, 2, '2025-06-16 19:04:21', '001-001-000493597', 123.97),
(118, 1, '2025-04-02 19:04:21', '001-001-000047604', 368.94),
(119, 1, '2025-07-16 19:04:21', '001-001-000409956', 136.30),
(120, 1, '2025-04-01 19:04:21', '001-001-000321688', 273.70),
(121, 2, '2025-03-31 19:04:21', '001-001-000491104', 92.63),
(122, 2, '2025-05-04 19:04:21', '001-001-000894589', 137.70),
(123, 1, '2025-03-18 19:04:21', '001-001-000575905', 589.96),
(124, 3, '2025-09-07 19:04:21', '001-001-000030635', 522.50),
(125, 5, '2024-12-29 19:04:21', '001-001-000747306', 73.79),
(126, 3, '2025-08-23 19:04:21', '001-001-000903143', 570.35),
(127, 1, '2024-12-18 19:04:21', '001-001-000661493', 129.80),
(128, 4, '2025-03-10 19:04:21', '001-001-000485064', 265.50),
(129, 4, '2025-09-28 19:04:21', '001-001-000767157', 104.94),
(130, 3, '2025-01-23 19:04:21', '001-001-000649165', 354.80),
(131, 2, '2025-01-22 19:04:21', '001-001-000309017', 117.81),
(132, 1, '2025-03-24 19:04:21', '001-001-000417481', 871.00),
(133, 3, '2025-09-30 19:04:21', '001-001-000268683', 118.42),
(134, 3, '2025-12-04 19:04:21', '001-001-000781497', 113.25),
(135, 1, '2025-09-13 19:04:21', '001-001-000110298', 410.31),
(136, 5, '2025-05-20 19:04:21', '001-001-000251645', 388.08),
(137, 2, '2025-01-10 19:04:21', '001-001-000448001', 320.62),
(138, 1, '2025-01-03 19:04:21', '001-001-000304105', 582.22),
(139, 3, '2025-10-04 19:04:21', '001-001-000179751', 79.68),
(140, 5, '2025-03-11 19:04:21', '001-001-000304839', 298.32),
(141, 3, '2025-10-19 19:04:21', '001-001-000326485', 63.24),
(142, 1, '2025-09-14 19:04:21', '001-001-000763535', 377.79),
(143, 1, '2024-12-27 19:04:21', '001-001-000466411', 70.47),
(144, 3, '2025-04-09 19:04:21', '001-001-000845131', 148.00),
(145, 3, '2025-11-08 19:04:21', '001-001-000879422', 147.00),
(146, 5, '2025-06-22 19:04:21', '001-001-000885829', 113.90),
(147, 2, '2024-12-31 19:04:21', '001-001-000658513', 154.58),
(148, 4, '2025-05-13 19:04:21', '001-001-000978875', 88.62),
(149, 1, '2025-01-25 19:04:21', '001-001-000737763', 115.08),
(150, 2, '2025-08-31 19:04:21', '001-001-000248933', 298.70),
(151, 2, '2025-03-12 19:06:06', '001-001-000772794', 160.55),
(152, 3, '2025-10-19 19:06:06', '001-001-000923778', 85.54),
(153, 2, '2025-02-26 19:06:06', '001-001-000795095', 750.78),
(154, 3, '2024-12-26 19:06:06', '001-001-000522107', 163.68),
(155, 4, '2025-08-18 19:06:06', '001-001-000302344', 274.05),
(156, 1, '2025-04-20 19:06:06', '001-001-000025467', 52.52),
(157, 2, '2025-06-17 19:06:06', '001-001-000449118', 590.13),
(158, 4, '2025-05-30 19:06:06', '001-001-000565300', 310.21),
(159, 4, '2025-04-29 19:06:06', '001-001-000855045', 174.80),
(160, 4, '2024-12-27 19:06:06', '001-001-000893700', 568.52),
(161, 2, '2025-09-11 19:06:06', '001-001-000396561', 154.70),
(162, 3, '2025-07-22 19:06:06', '001-001-000241436', 195.84),
(163, 1, '2025-05-07 19:06:06', '001-001-000889950', 146.16),
(164, 4, '2025-05-24 19:06:06', '001-001-000643727', 261.80),
(165, 1, '2025-09-12 19:06:06', '001-001-000740815', 144.42),
(166, 2, '2025-10-18 19:06:06', '001-001-000829555', 258.02),
(167, 4, '2025-06-13 19:06:06', '001-001-000534327', 123.60),
(168, 1, '2025-04-20 19:06:06', '001-001-000867724', 406.70),
(169, 1, '2024-12-11 19:06:06', '001-001-000773814', 52.91),
(170, 5, '2025-10-08 19:06:06', '001-001-000130868', 239.25),
(171, 4, '2025-03-26 19:06:06', '001-001-000346152', 284.10),
(172, 3, '2025-06-10 19:06:06', '001-001-000800821', 307.60),
(173, 2, '2025-08-02 19:06:06', '001-001-000099107', 236.68),
(174, 2, '2025-08-28 19:06:06', '001-001-000691396', 225.00),
(175, 5, '2025-03-26 19:06:06', '001-001-000880521', 520.96),
(176, 1, '2025-05-16 19:06:06', '001-001-000738730', 133.98),
(177, 2, '2025-07-01 19:06:06', '001-001-000227817', 440.80),
(178, 3, '2025-11-20 19:06:06', '001-001-000857558', 253.77),
(179, 2, '2025-12-06 19:06:06', '001-001-000376933', 185.73),
(180, 1, '2025-08-17 19:06:06', '001-001-000338568', 367.84),
(181, 4, '2025-10-21 19:06:06', '001-001-000428298', 220.07),
(182, 2, '2025-05-09 19:06:06', '001-001-000220861', 55.77),
(183, 2, '2025-11-29 19:06:06', '001-001-000297742', 230.49),
(184, 2, '2025-08-18 19:06:06', '001-001-000871551', 403.90),
(185, 3, '2025-07-28 19:06:06', '001-001-000533096', 154.35),
(186, 3, '2025-11-30 19:06:06', '001-001-000708933', 109.51),
(187, 3, '2025-08-03 19:06:06', '001-001-000949516', 485.10),
(188, 3, '2025-04-06 19:06:06', '001-001-000662630', 396.27),
(189, 2, '2025-07-23 19:06:06', '001-001-000736854', 211.05),
(190, 1, '2025-05-28 19:06:06', '001-001-000363481', 52.26),
(191, 3, '2025-01-11 19:06:06', '001-001-000870245', 596.16),
(192, 1, '2025-06-22 19:06:06', '001-001-000864711', 45.90),
(193, 1, '2024-12-19 19:06:06', '001-001-000816663', 263.73),
(194, 3, '2025-05-23 19:06:06', '001-001-000039082', 237.79),
(195, 2, '2025-08-06 19:06:06', '001-001-000545957', 643.86),
(196, 5, '2025-07-06 19:06:06', '001-001-000563350', 91.80),
(197, 2, '2025-11-30 19:06:06', '001-001-000371127', 605.15),
(198, 4, '2025-05-23 19:06:06', '001-001-000551056', 168.00),
(199, 3, '2025-04-11 19:06:06', '001-001-000071495', 123.97),
(200, 1, '2025-03-19 19:06:06', '001-001-000273970', 74.10),
(201, 1, '2025-12-01 19:06:06', '001-001-000985180', 238.14),
(202, 3, '2025-04-29 19:06:06', '001-001-000461087', 55.44),
(203, 2, '2025-03-10 19:06:06', '001-001-000073177', 451.55),
(204, 3, '2025-01-04 19:06:06', '001-001-000191371', 199.43),
(205, 2, '2025-11-12 19:06:06', '001-001-000591189', 392.00),
(206, 3, '2025-11-11 19:06:06', '001-001-000591159', 625.65),
(207, 3, '2025-04-05 19:06:06', '001-001-000798532', 810.26),
(208, 1, '2025-02-09 19:06:06', '001-001-000660279', 230.67),
(209, 4, '2025-09-27 19:06:06', '001-001-000141696', 288.36),
(210, 5, '2025-02-02 19:06:06', '001-001-000384319', 143.64),
(211, 2, '2025-03-04 19:06:06', '001-001-000959073', 611.04),
(212, 1, '2025-05-09 19:06:06', '001-001-000315783', 296.80),
(213, 5, '2025-03-14 19:06:06', '001-001-000039501', 1216.63),
(214, 4, '2025-05-06 19:06:06', '001-001-000082512', 32.13),
(215, 1, '2025-01-21 19:06:06', '001-001-000007359', 128.92),
(216, 4, '2025-03-12 19:06:06', '001-001-000308701', 461.32),
(217, 2, '2025-07-15 19:06:06', '001-001-000168110', 136.00),
(218, 1, '2025-03-23 19:06:06', '001-001-000470979', 160.16),
(219, 3, '2025-03-24 19:06:06', '001-001-000057304', 330.78),
(220, 3, '2025-07-06 19:06:06', '001-001-000436887', 63.00),
(221, 5, '2025-02-04 19:06:06', '001-001-000646872', 433.44),
(222, 5, '2025-07-05 19:06:06', '001-001-000717141', 300.51),
(223, 4, '2025-05-22 19:06:06', '001-001-000784574', 133.65),
(224, 1, '2025-04-07 19:06:06', '001-001-000211041', 189.70),
(225, 3, '2025-10-23 19:06:06', '001-001-000091938', 105.00),
(226, 2, '2025-12-03 19:06:06', '001-001-000933227', 488.50),
(227, 2, '2025-02-18 19:06:06', '001-001-000047294', 170.20),
(228, 5, '2025-04-13 19:06:06', '001-001-000569446', 337.77),
(229, 3, '2024-12-14 19:06:06', '001-001-000277551', 134.09),
(230, 2, '2025-04-13 19:06:06', '001-001-000640102', 92.25),
(231, 2, '2025-01-09 19:06:06', '001-001-000723510', 203.28),
(232, 1, '2025-11-06 19:06:06', '001-001-000402473', 263.34),
(233, 5, '2025-06-13 19:06:06', '001-001-000447215', 258.72),
(234, 4, '2025-05-20 19:06:06', '001-001-000394785', 310.50),
(235, 2, '2025-07-05 19:06:06', '001-001-000035166', 80.30),
(236, 3, '2024-12-15 19:06:06', '001-001-000377141', 950.60),
(237, 1, '2025-04-24 19:06:06', '001-001-000528618', 168.75),
(238, 2, '2025-01-11 19:06:06', '001-001-000425740', 494.70),
(239, 2, '2025-05-24 19:06:06', '001-001-000788382', 233.20),
(240, 2, '2025-01-10 19:06:06', '001-001-000512658', 560.92),
(241, 4, '2025-12-06 19:06:06', '001-001-000144470', 199.02),
(242, 1, '2025-07-02 19:06:06', '001-001-000861461', 92.22),
(243, 4, '2025-02-12 19:06:06', '001-001-000768321', 114.70),
(244, 3, '2025-06-09 19:06:06', '001-001-000859035', 454.30),
(245, 4, '2025-05-14 19:06:06', '001-001-000702218', 669.12),
(246, 5, '2025-09-13 19:06:06', '001-001-000495665', 227.15),
(247, 4, '2025-02-07 19:06:06', '001-001-000028269', 54.36),
(248, 2, '2025-11-29 19:06:06', '001-001-000239038', 709.70),
(249, 4, '2025-08-24 19:06:06', '001-001-000500498', 719.95),
(250, 4, '2025-07-12 19:06:06', '001-001-000837237', 705.60),
(251, 3, '2025-04-21 19:06:06', '001-001-000864849', 386.24),
(252, 2, '2025-03-13 19:06:06', '001-001-000557802', 117.66),
(253, 2, '2025-02-03 19:06:06', '001-001-000341605', 371.30),
(254, 1, '2024-12-29 19:06:06', '001-001-000540142', 362.88),
(255, 3, '2025-02-02 19:06:06', '001-001-000522586', 244.75),
(256, 1, '2025-07-29 19:06:06', '001-001-000260996', 93.00),
(257, 2, '2025-06-28 19:06:06', '001-001-000093409', 437.40),
(258, 2, '2025-05-13 19:06:06', '001-001-000062962', 796.40),
(259, 2, '2025-09-21 19:06:06', '001-001-000418438', 59.11),
(260, 1, '2025-02-09 19:06:06', '001-001-000083142', 83.22),
(261, 2, '2025-10-13 19:06:06', '001-001-000800073', 147.84),
(262, 3, '2025-01-22 19:06:06', '001-001-000808211', 387.76),
(263, 2, '2025-10-05 19:06:06', '001-001-000213587', 97.28),
(264, 3, '2025-01-18 19:06:06', '001-001-000070437', 277.64),
(265, 2, '2025-07-12 19:06:06', '001-001-000147271', 237.60),
(266, 1, '2025-03-07 19:06:06', '001-001-000328438', 155.80),
(267, 3, '2025-06-10 19:06:06', '001-001-000034433', 85.00),
(268, 4, '2025-01-20 19:06:06', '001-001-000552713', 784.08),
(269, 1, '2025-05-07 19:06:06', '001-001-000791111', 141.29),
(270, 2, '2024-12-07 19:06:06', '001-001-000040385', 194.37),
(271, 5, '2025-07-22 19:06:06', '001-001-000301575', 34.40),
(272, 2, '2025-09-15 19:06:06', '001-001-000299342', 242.08),
(273, 5, '2025-07-27 19:06:06', '001-001-000199929', 130.56),
(274, 1, '2025-09-09 19:06:06', '001-001-000168133', 199.44),
(275, 4, '2025-05-12 19:06:06', '001-001-000784247', 150.96),
(276, 4, '2025-08-02 19:06:06', '001-001-000804462', 824.82),
(277, 3, '2025-07-01 19:06:06', '001-001-000587951', 459.51),
(278, 4, '2025-03-02 19:06:06', '001-001-000616479', 105.00),
(279, 1, '2025-02-04 19:06:06', '001-001-000893159', 367.12),
(280, 2, '2025-05-21 19:06:06', '001-001-000061665', 54.08),
(281, 2, '2025-03-06 19:06:06', '001-001-000893489', 86.01),
(282, 4, '2024-12-14 19:06:06', '001-001-000908569', 414.92),
(283, 3, '2025-06-23 19:06:06', '001-001-000054653', 63.92),
(284, 3, '2025-03-29 19:06:06', '001-001-000993600', 276.60),
(285, 1, '2025-08-07 19:06:06', '001-001-000650621', 223.96),
(286, 3, '2025-09-21 19:06:06', '001-001-000658470', 81.12),
(287, 3, '2025-10-29 19:06:06', '001-001-000034117', 139.26),
(288, 3, '2025-03-28 19:06:06', '001-001-000174842', 214.65),
(289, 5, '2025-05-22 19:06:06', '001-001-000872392', 135.47),
(290, 5, '2025-10-28 19:06:06', '001-001-000708147', 180.42),
(291, 4, '2025-08-28 19:06:06', '001-001-000400332', 318.24),
(292, 4, '2025-03-06 19:06:06', '001-001-000785715', 163.20),
(293, 2, '2025-07-16 19:06:06', '001-001-000892168', 390.39),
(294, 2, '2025-09-04 19:06:06', '001-001-000200549', 125.29),
(295, 5, '2025-02-03 19:06:06', '001-001-000519625', 238.48),
(296, 3, '2025-03-01 19:06:06', '001-001-000460365', 880.60),
(297, 3, '2025-02-13 19:06:06', '001-001-000713682', 466.86),
(298, 4, '2025-10-05 19:06:06', '001-001-000993049', 236.80),
(299, 1, '2025-10-21 19:06:06', '001-001-000107410', 246.96),
(300, 1, '2025-01-22 19:06:06', '001-001-000998539', 142.20);

-- --------------------------------------------------------

--
-- Estructura de tabla para la tabla `detalle_compras`
--

DROP TABLE IF EXISTS `detalle_compras`;
CREATE TABLE IF NOT EXISTS `detalle_compras` (
  `id_det_compra` int NOT NULL AUTO_INCREMENT,
  `id_compra` int NOT NULL,
  `id_producto` int NOT NULL,
  `cantidad` int NOT NULL,
  `costo_unitario` decimal(10,2) NOT NULL,
  `lote_codigo` varchar(50) NOT NULL,
  `lote_vencimiento` date NOT NULL,
  PRIMARY KEY (`id_det_compra`),
  KEY `id_compra` (`id_compra`),
  KEY `id_producto` (`id_producto`)
) ENGINE=MyISAM AUTO_INCREMENT=301 DEFAULT CHARSET=utf8mb4 COLLATE=utf8mb4_0900_ai_ci;

--
-- Volcado de datos para la tabla `detalle_compras`
--

INSERT INTO `detalle_compras` (`id_det_compra`, `id_compra`, `id_producto`, `cantidad`, `costo_unitario`, `lote_codigo`, `lote_vencimiento`) VALUES
(1, 1, 7, 49, 6.29, 'L-9339', '2026-02-26'),
(2, 2, 7, 32, 6.25, 'L-3956', '2026-05-24'),
(3, 3, 3, 39, 8.30, 'L-8646', '2026-08-07'),
(4, 4, 10, 88, 2.55, 'L-5335', '2027-05-30'),
(5, 5, 20, 22, 13.26, 'L-7794', '2026-03-26'),
(6, 6, 5, 57, 1.98, 'L-6577', '2026-04-05'),
(7, 7, 17, 76, 6.68, 'L-2895', '2027-03-07'),
(8, 8, 9, 32, 5.49, 'L-8596', '2027-03-03'),
(9, 9, 6, 63, 5.21, 'L-1752', '2026-10-03'),
(10, 10, 2, 75, 2.83, 'L-4275', '2027-05-11'),
(11, 11, 20, 42, 14.13, 'L-1071', '2026-04-27'),
(12, 12, 17, 45, 6.75, 'L-7423', '2026-01-27'),
(13, 13, 8, 64, 1.66, 'L-5838', '2027-01-24'),
(14, 14, 7, 52, 5.67, 'L-4975', '2027-02-12'),
(15, 15, 17, 79, 6.96, 'L-4390', '2027-04-16'),
(16, 16, 6, 36, 4.69, 'L-7192', '2026-11-18'),
(17, 17, 13, 81, 9.68, 'L-3467', '2026-10-30'),
(18, 18, 13, 80, 9.67, 'L-3560', '2026-12-11'),
(19, 19, 18, 83, 4.28, 'L-3541', '2026-06-16'),
(20, 20, 11, 58, 7.89, 'L-8928', '2027-02-20'),
(21, 21, 4, 67, 4.22, 'L-7419', '2025-12-02'),
(22, 22, 11, 67, 7.46, 'L-6666', '2026-12-05'),
(23, 23, 1, 25, 1.54, 'L-7040', '2027-03-03'),
(24, 24, 12, 84, 3.18, 'L-4499', '2027-03-10'),
(25, 25, 13, 23, 8.86, 'L-5551', '2026-09-07'),
(26, 26, 15, 35, 6.61, 'L-2545', '2026-10-22'),
(27, 27, 16, 89, 4.19, 'L-3514', '2026-07-16'),
(28, 28, 9, 83, 5.70, 'L-2354', '2026-10-29'),
(29, 29, 11, 26, 7.85, 'L-8873', '2027-04-07'),
(30, 30, 4, 68, 4.28, 'L-1591', '2026-10-10'),
(31, 31, 9, 25, 5.10, 'L-8382', '2025-12-12'),
(32, 32, 18, 91, 4.61, 'L-4998', '2027-01-05'),
(33, 33, 19, 26, 1.49, 'L-8694', '2026-06-25'),
(34, 34, 17, 94, 6.76, 'L-9623', '2026-05-13'),
(35, 35, 1, 85, 1.50, 'L-6241', '2027-04-07'),
(36, 36, 5, 36, 1.91, 'L-3496', '2026-03-19'),
(37, 37, 9, 43, 5.25, 'L-1087', '2026-08-15'),
(38, 38, 12, 29, 3.39, 'L-5637', '2026-03-24'),
(39, 39, 1, 91, 1.61, 'L-6331', '2026-10-09'),
(40, 40, 2, 74, 2.79, 'L-9818', '2026-04-04'),
(41, 41, 12, 34, 3.08, 'L-3746', '2025-10-27'),
(42, 42, 11, 89, 7.76, 'L-1974', '2026-04-20'),
(43, 43, 17, 45, 6.70, 'L-5370', '2026-01-25'),
(44, 44, 1, 60, 1.63, 'L-2454', '2026-02-08'),
(45, 45, 6, 89, 4.85, 'L-7682', '2026-04-14'),
(46, 46, 2, 93, 2.87, 'L-2178', '2026-08-19'),
(47, 47, 16, 34, 3.91, 'L-1552', '2027-01-07'),
(48, 48, 13, 68, 8.65, 'L-1663', '2027-03-06'),
(49, 49, 10, 98, 2.41, 'L-2827', '2026-12-31'),
(50, 50, 7, 63, 6.30, 'L-4632', '2026-10-12'),
(51, 51, 18, 98, 4.22, 'L-4116', '2027-05-12'),
(52, 52, 14, 88, 1.57, 'L-8710', '2026-07-06'),
(53, 53, 13, 34, 9.80, 'L-5220', '2026-05-13'),
(54, 54, 11, 48, 7.19, 'L-2642', '2026-01-19'),
(55, 55, 6, 69, 4.73, 'L-7416', '2026-11-01'),
(56, 56, 17, 90, 7.57, 'L-7745', '2025-12-21'),
(57, 57, 7, 81, 6.32, 'L-8526', '2026-12-09'),
(58, 58, 1, 82, 1.72, 'L-9892', '2026-05-15'),
(59, 59, 17, 89, 7.49, 'L-5265', '2027-04-28'),
(60, 60, 15, 25, 6.10, 'L-9184', '2027-03-21'),
(61, 61, 13, 89, 9.16, 'L-1814', '2027-02-25'),
(62, 62, 17, 21, 7.33, 'L-3277', '2026-04-04'),
(63, 63, 8, 65, 1.67, 'L-6759', '2026-02-09'),
(64, 64, 8, 81, 1.67, 'L-1048', '2025-11-12'),
(65, 65, 18, 60, 4.72, 'L-4687', '2025-12-09'),
(66, 66, 15, 48, 6.43, 'L-7864', '2025-12-28'),
(67, 67, 5, 74, 1.99, 'L-2814', '2025-11-26'),
(68, 68, 19, 62, 1.54, 'L-6382', '2026-07-27'),
(69, 69, 18, 24, 4.50, 'L-2289', '2026-12-31'),
(70, 70, 10, 62, 2.32, 'L-3707', '2027-05-25'),
(71, 71, 10, 74, 2.27, 'L-3091', '2027-06-01'),
(72, 72, 11, 39, 7.66, 'L-6152', '2027-04-03'),
(73, 73, 5, 41, 2.00, 'L-5404', '2026-07-27'),
(74, 74, 15, 89, 6.07, 'L-4048', '2025-12-31'),
(75, 75, 5, 31, 1.81, 'L-7679', '2026-10-14'),
(76, 76, 15, 39, 5.95, 'L-6488', '2027-03-09'),
(77, 77, 3, 74, 8.39, 'L-9305', '2026-11-01'),
(78, 78, 4, 27, 4.46, 'L-1049', '2026-07-21'),
(79, 79, 15, 91, 6.10, 'L-5017', '2026-09-18'),
(80, 80, 2, 91, 2.84, 'L-8593', '2026-04-17'),
(81, 81, 14, 21, 1.50, 'L-9570', '2027-01-15'),
(82, 82, 4, 95, 4.05, 'L-4088', '2025-10-25'),
(83, 83, 18, 51, 4.28, 'L-5362', '2026-06-25'),
(84, 84, 10, 79, 2.36, 'L-3175', '2026-05-03'),
(85, 85, 5, 81, 1.87, 'L-8212', '2026-05-08'),
(86, 86, 6, 47, 5.21, 'L-7071', '2026-09-13'),
(87, 87, 17, 32, 6.93, 'L-1435', '2026-05-04'),
(88, 88, 3, 66, 7.75, 'L-5984', '2026-06-12'),
(89, 89, 11, 35, 7.31, 'L-2919', '2027-06-02'),
(90, 90, 18, 74, 4.54, 'L-6485', '2027-03-18'),
(91, 91, 1, 23, 1.54, 'L-6244', '2026-07-29'),
(92, 92, 11, 46, 7.03, 'L-6276', '2026-10-06'),
(93, 93, 8, 69, 1.51, 'L-3743', '2026-06-28'),
(94, 94, 14, 89, 1.56, 'L-7261', '2026-12-11'),
(95, 95, 12, 70, 3.26, 'L-7305', '2027-05-04'),
(96, 96, 3, 40, 8.24, 'L-6072', '2026-02-27'),
(97, 97, 6, 74, 4.91, 'L-7132', '2027-01-22'),
(98, 98, 2, 72, 2.70, 'L-1763', '2026-06-11'),
(99, 99, 14, 51, 1.73, 'L-5421', '2026-11-14'),
(100, 100, 6, 77, 5.08, 'L-7104', '2025-12-06'),
(101, 101, 7, 80, 6.31, 'L-8441', '2026-11-30'),
(102, 102, 7, 96, 6.28, 'L-1662', '2025-10-21'),
(103, 103, 20, 52, 13.10, 'L-3208', '2027-05-09'),
(104, 104, 11, 68, 7.38, 'L-3137', '2027-05-08'),
(105, 105, 20, 88, 13.57, 'L-9743', '2027-04-26'),
(106, 106, 7, 77, 6.15, 'L-1577', '2026-06-05'),
(107, 107, 6, 50, 4.52, 'L-9959', '2027-04-02'),
(108, 108, 10, 51, 2.45, 'L-5596', '2027-05-06'),
(109, 109, 15, 61, 6.33, 'L-7625', '2026-04-19'),
(110, 110, 13, 60, 9.30, 'L-7210', '2026-08-27'),
(111, 111, 12, 42, 3.33, 'L-4956', '2026-02-25'),
(112, 112, 2, 34, 2.99, 'L-7143', '2026-08-02'),
(113, 113, 2, 85, 3.08, 'L-8313', '2026-08-19'),
(114, 114, 14, 49, 1.72, 'L-4093', '2025-11-10'),
(115, 115, 17, 58, 7.60, 'L-2198', '2027-04-27'),
(116, 116, 18, 27, 4.62, 'L-9129', '2025-10-17'),
(117, 117, 1, 77, 1.61, 'L-2207', '2026-04-17'),
(118, 118, 4, 86, 4.29, 'L-5126', '2026-08-20'),
(119, 119, 18, 29, 4.70, 'L-5290', '2026-08-08'),
(120, 120, 12, 85, 3.22, 'L-7495', '2026-04-12'),
(121, 121, 8, 59, 1.57, 'L-9912', '2025-11-25'),
(122, 122, 14, 81, 1.70, 'L-6668', '2027-01-28'),
(123, 123, 15, 86, 6.86, 'L-5662', '2026-10-07'),
(124, 124, 9, 95, 5.50, 'L-5938', '2026-04-30'),
(125, 125, 19, 47, 1.57, 'L-8883', '2026-07-01'),
(126, 126, 13, 61, 9.35, 'L-8473', '2025-12-22'),
(127, 127, 9, 22, 5.90, 'L-6695', '2026-05-02'),
(128, 128, 4, 59, 4.50, 'L-2051', '2027-02-18'),
(129, 129, 6, 22, 4.77, 'L-7081', '2026-04-26'),
(130, 130, 13, 40, 8.87, 'L-9341', '2026-10-27'),
(131, 131, 19, 77, 1.53, 'L-9303', '2026-01-21'),
(132, 132, 20, 67, 13.00, 'L-5200', '2026-02-08'),
(133, 133, 16, 31, 3.82, 'L-4189', '2026-12-08'),
(134, 134, 18, 25, 4.53, 'L-4159', '2026-10-20'),
(135, 135, 18, 97, 4.23, 'L-4573', '2026-02-16'),
(136, 136, 13, 42, 9.24, 'L-2386', '2027-05-18'),
(137, 137, 11, 41, 7.82, 'L-2694', '2026-09-02'),
(138, 138, 15, 86, 6.77, 'L-1493', '2026-09-09'),
(139, 139, 8, 48, 1.66, 'L-2911', '2025-12-08'),
(140, 140, 6, 66, 4.52, 'L-4175', '2026-12-11'),
(141, 141, 5, 34, 1.86, 'L-4652', '2026-07-25'),
(142, 142, 3, 49, 7.71, 'L-1165', '2027-02-25'),
(143, 143, 10, 27, 2.61, 'L-5398', '2026-10-06'),
(144, 144, 5, 74, 2.00, 'L-3658', '2026-07-30'),
(145, 145, 4, 35, 4.20, 'L-7405', '2026-02-06'),
(146, 146, 1, 67, 1.70, 'L-2716', '2026-09-30'),
(147, 147, 10, 59, 2.62, 'L-4813', '2026-01-31'),
(148, 148, 4, 21, 4.22, 'L-4936', '2026-12-11'),
(149, 149, 2, 42, 2.74, 'L-6615', '2027-03-08'),
(150, 150, 9, 58, 5.15, 'L-8614', '2025-11-22'),
(151, 151, 14, 95, 1.69, 'L-9069', '2026-03-18'),
(152, 152, 5, 47, 1.82, 'L-3115', '2025-10-25'),
(153, 153, 13, 86, 8.73, 'L-7111', '2026-12-03'),
(154, 154, 16, 44, 3.72, 'L-1697', '2027-02-05'),
(155, 155, 13, 29, 9.45, 'L-4818', '2027-03-19'),
(156, 156, 5, 26, 2.02, 'L-4345', '2026-12-01'),
(157, 157, 17, 83, 7.11, 'L-9421', '2026-04-13'),
(158, 158, 6, 67, 4.63, 'L-1961', '2025-10-22'),
(159, 159, 10, 76, 2.30, 'L-6645', '2026-12-09'),
(160, 160, 13, 61, 9.32, 'L-7580', '2026-12-05'),
(161, 161, 6, 34, 4.55, 'L-8172', '2027-02-01'),
(162, 162, 2, 72, 2.72, 'L-3320', '2026-01-19'),
(163, 163, 14, 84, 1.74, 'L-4299', '2027-05-13'),
(164, 164, 13, 28, 9.35, 'L-1967', '2026-08-08'),
(165, 165, 1, 83, 1.74, 'L-4511', '2025-12-10'),
(166, 166, 15, 38, 6.79, 'L-9389', '2027-03-31'),
(167, 167, 5, 60, 2.06, 'L-7931', '2026-04-03'),
(168, 168, 9, 70, 5.81, 'L-3258', '2027-01-16'),
(169, 169, 19, 37, 1.43, 'L-1860', '2026-07-05'),
(170, 170, 4, 55, 4.35, 'L-2258', '2026-10-28'),
(171, 171, 13, 30, 9.47, 'L-4669', '2027-01-12'),
(172, 172, 11, 40, 7.69, 'L-6929', '2026-03-08'),
(173, 173, 10, 97, 2.44, 'L-6686', '2026-10-27'),
(174, 174, 13, 25, 9.00, 'L-9734', '2026-09-16'),
(175, 175, 7, 88, 5.92, 'L-4675', '2027-03-10'),
(176, 176, 1, 87, 1.54, 'L-3783', '2025-11-15'),
(177, 177, 17, 58, 7.60, 'L-1847', '2027-01-08'),
(178, 178, 3, 33, 7.69, 'L-5613', '2026-05-14'),
(179, 179, 18, 41, 4.53, 'L-7871', '2026-11-23'),
(180, 180, 16, 88, 4.18, 'L-3593', '2026-08-25'),
(181, 181, 16, 59, 3.73, 'L-6061', '2026-02-03'),
(182, 182, 8, 33, 1.69, 'L-2789', '2027-01-23'),
(183, 183, 9, 39, 5.91, 'L-1209', '2026-03-20'),
(184, 184, 9, 70, 5.77, 'L-1501', '2027-04-20'),
(185, 185, 12, 45, 3.43, 'L-4014', '2025-12-11'),
(186, 186, 10, 47, 2.33, 'L-1298', '2026-09-04'),
(187, 187, 15, 77, 6.30, 'L-9988', '2026-12-17'),
(188, 188, 7, 63, 6.29, 'L-4448', '2026-08-16'),
(189, 189, 12, 67, 3.15, 'L-7377', '2026-11-07'),
(190, 190, 5, 26, 2.01, 'L-3500', '2026-03-31'),
(191, 191, 13, 69, 8.64, 'L-9878', '2026-06-26'),
(192, 192, 19, 30, 1.53, 'L-7241', '2025-10-27'),
(193, 193, 4, 59, 4.47, 'L-9506', '2025-12-02'),
(194, 194, 12, 79, 3.01, 'L-8628', '2026-02-04'),
(195, 195, 15, 98, 6.57, 'L-6504', '2027-05-01'),
(196, 196, 12, 27, 3.40, 'L-7192', '2025-11-22'),
(197, 197, 17, 91, 6.65, 'L-6080', '2026-11-30'),
(198, 198, 3, 21, 8.00, 'L-3616', '2026-07-17'),
(199, 199, 8, 77, 1.61, 'L-9791', '2026-10-16'),
(200, 200, 5, 38, 1.95, 'L-8613', '2026-12-19'),
(201, 201, 18, 54, 4.41, 'L-4522', '2026-05-08'),
(202, 202, 10, 22, 2.52, 'L-5025', '2025-12-22'),
(203, 203, 3, 55, 8.21, 'L-8822', '2027-02-18'),
(204, 204, 4, 49, 4.07, 'L-3154', '2026-06-10'),
(205, 205, 16, 98, 4.00, 'L-4528', '2027-05-11'),
(206, 206, 15, 97, 6.45, 'L-1096', '2026-04-21'),
(207, 207, 20, 58, 13.97, 'L-1245', '2026-11-09'),
(208, 208, 17, 33, 6.99, 'L-3430', '2026-04-05'),
(209, 209, 3, 36, 8.01, 'L-7556', '2026-10-27'),
(210, 210, 8, 84, 1.71, 'L-8349', '2026-09-09'),
(211, 211, 11, 76, 8.04, 'L-8373', '2026-01-03'),
(212, 212, 17, 40, 7.42, 'L-9596', '2026-09-10'),
(213, 213, 20, 89, 13.67, 'L-2634', '2027-02-28'),
(214, 214, 14, 21, 1.53, 'L-6344', '2026-09-30'),
(215, 215, 9, 22, 5.86, 'L-4802', '2026-06-21'),
(216, 216, 7, 76, 6.07, 'L-6987', '2026-11-13'),
(217, 217, 14, 80, 1.70, 'L-8008', '2026-07-27'),
(218, 218, 5, 77, 2.08, 'L-5256', '2026-10-01'),
(219, 219, 4, 74, 4.47, 'L-4150', '2025-12-28'),
(220, 220, 19, 42, 1.50, 'L-5461', '2026-07-24'),
(221, 221, 15, 72, 6.02, 'L-7510', '2026-02-10'),
(222, 222, 7, 53, 5.67, 'L-4486', '2026-09-18'),
(223, 223, 6, 27, 4.95, 'L-7579', '2027-03-09'),
(224, 224, 2, 70, 2.71, 'L-2526', '2027-02-10'),
(225, 225, 2, 35, 3.00, 'L-8147', '2027-05-10'),
(226, 226, 13, 50, 9.77, 'L-7970', '2027-04-26'),
(227, 227, 17, 23, 7.40, 'L-5418', '2026-03-30'),
(228, 228, 18, 81, 4.17, 'L-5969', '2026-03-09'),
(229, 229, 10, 53, 2.53, 'L-5253', '2025-12-30'),
(230, 230, 5, 45, 2.05, 'L-3428', '2027-02-18'),
(231, 231, 18, 44, 4.62, 'L-3729', '2027-05-29'),
(232, 232, 16, 66, 3.99, 'L-5383', '2026-08-07'),
(233, 233, 16, 66, 3.92, 'L-9517', '2025-12-30'),
(234, 234, 7, 54, 5.75, 'L-7770', '2025-12-29'),
(235, 235, 19, 55, 1.46, 'L-2186', '2026-02-01'),
(236, 236, 20, 70, 13.58, 'L-7115', '2026-07-11'),
(237, 237, 16, 45, 3.75, 'L-3472', '2026-11-03'),
(238, 238, 9, 85, 5.82, 'L-7960', '2026-04-29'),
(239, 239, 7, 40, 5.83, 'L-7936', '2027-04-28'),
(240, 240, 17, 74, 7.58, 'L-4691', '2026-05-27'),
(241, 241, 15, 31, 6.42, 'L-4006', '2025-10-29'),
(242, 242, 1, 58, 1.59, 'L-4845', '2025-10-23'),
(243, 243, 8, 74, 1.55, 'L-9346', '2025-11-24'),
(244, 244, 17, 59, 7.70, 'L-5782', '2026-11-17'),
(245, 245, 17, 96, 6.97, 'L-8330', '2025-11-25'),
(246, 246, 16, 55, 4.13, 'L-1345', '2026-09-20'),
(247, 247, 14, 36, 1.51, 'L-6261', '2027-02-14'),
(248, 248, 3, 94, 7.55, 'L-6716', '2026-04-20'),
(249, 249, 13, 77, 9.35, 'L-3004', '2025-12-03'),
(250, 250, 20, 48, 14.70, 'L-2224', '2026-01-25'),
(251, 251, 9, 68, 5.68, 'L-6578', '2025-11-14'),
(252, 252, 12, 37, 3.18, 'L-2063', '2026-08-29'),
(253, 253, 4, 94, 3.95, 'L-6410', '2027-01-22'),
(254, 254, 18, 84, 4.32, 'L-6150', '2026-11-14'),
(255, 255, 2, 89, 2.75, 'L-9070', '2026-01-28'),
(256, 256, 5, 50, 1.86, 'L-8956', '2027-02-11'),
(257, 257, 3, 54, 8.10, 'L-4873', '2027-04-16'),
(258, 258, 13, 88, 9.05, 'L-7599', '2026-04-04'),
(259, 259, 10, 23, 2.57, 'L-2153', '2025-12-03'),
(260, 260, 19, 57, 1.46, 'L-2194', '2026-01-10'),
(261, 261, 12, 48, 3.08, 'L-7051', '2027-04-14'),
(262, 262, 9, 74, 5.24, 'L-7813', '2026-04-12'),
(263, 263, 12, 32, 3.04, 'L-9432', '2026-07-15'),
(264, 264, 15, 44, 6.31, 'L-3410', '2025-10-28'),
(265, 265, 11, 33, 7.20, 'L-8406', '2026-04-28'),
(266, 266, 8, 95, 1.64, 'L-9990', '2026-04-11'),
(267, 267, 14, 50, 1.70, 'L-9064', '2025-11-21'),
(268, 268, 3, 99, 7.92, 'L-1014', '2026-02-19'),
(269, 269, 5, 71, 1.99, 'L-2971', '2026-02-10'),
(270, 270, 5, 93, 2.09, 'L-2012', '2026-11-04'),
(271, 271, 8, 20, 1.72, 'L-3984', '2025-11-18'),
(272, 272, 17, 34, 7.12, 'L-8358', '2026-11-19'),
(273, 273, 19, 96, 1.36, 'L-4131', '2026-10-19'),
(274, 274, 3, 24, 8.31, 'L-5340', '2026-10-28'),
(275, 275, 5, 74, 2.04, 'L-9431', '2026-04-09'),
(276, 276, 20, 59, 13.98, 'L-1439', '2026-12-31'),
(277, 277, 13, 53, 8.67, 'L-7408', '2027-05-24'),
(278, 278, 16, 25, 4.20, 'L-7975', '2027-03-31'),
(279, 279, 20, 26, 14.12, 'L-6206', '2026-02-09'),
(280, 280, 14, 32, 1.69, 'L-3673', '2026-03-08'),
(281, 281, 5, 47, 1.83, 'L-4654', '2027-01-25'),
(282, 282, 13, 44, 9.43, 'L-7734', '2026-08-31'),
(283, 283, 19, 47, 1.36, 'L-2244', '2026-09-30'),
(284, 284, 18, 60, 4.61, 'L-6461', '2026-09-21'),
(285, 285, 6, 44, 5.09, 'L-1114', '2026-12-10'),
(286, 286, 14, 48, 1.69, 'L-8435', '2027-02-06'),
(287, 287, 18, 33, 4.22, 'L-8056', '2026-01-19'),
(288, 288, 16, 53, 4.05, 'L-5146', '2025-11-25'),
(289, 289, 15, 23, 5.89, 'L-9196', '2026-09-02'),
(290, 290, 5, 97, 1.86, 'L-2148', '2025-10-22'),
(291, 291, 4, 72, 4.42, 'L-9821', '2026-08-25'),
(292, 292, 14, 96, 1.70, 'L-1932', '2026-01-05'),
(293, 293, 6, 77, 5.07, 'L-6601', '2027-03-08'),
(294, 294, 5, 67, 1.87, 'L-4404', '2026-02-17'),
(295, 295, 2, 88, 2.71, 'L-6288', '2027-03-07'),
(296, 296, 20, 68, 12.95, 'L-3781', '2026-07-28'),
(297, 297, 3, 62, 7.53, 'L-7843', '2027-05-28'),
(298, 298, 9, 40, 5.92, 'L-1250', '2026-03-17'),
(299, 299, 4, 56, 4.41, 'L-6292', '2026-09-28'),
(300, 300, 8, 90, 1.58, 'L-8809', '2026-06-26');

-- --------------------------------------------------------

--
-- Estructura de tabla para la tabla `detalle_ventas`
--

DROP TABLE IF EXISTS `detalle_ventas`;
CREATE TABLE IF NOT EXISTS `detalle_ventas` (
  `id_det_venta` int NOT NULL AUTO_INCREMENT,
  `id_venta` int NOT NULL,
  `id_producto` int NOT NULL,
  `id_lote` int NOT NULL,
  `cantidad` int NOT NULL,
  `precio_unitario` decimal(10,2) NOT NULL,
  `subtotal` decimal(10,2) NOT NULL,
  PRIMARY KEY (`id_det_venta`),
  KEY `id_venta` (`id_venta`),
  KEY `id_producto` (`id_producto`),
  KEY `id_lote` (`id_lote`)
) ENGINE=MyISAM AUTO_INCREMENT=1202 DEFAULT CHARSET=utf8mb4 COLLATE=utf8mb4_0900_ai_ci;

--
-- Volcado de datos para la tabla `detalle_ventas`
--

INSERT INTO `detalle_ventas` (`id_det_venta`, `id_venta`, `id_producto`, `id_lote`, `cantidad`, `precio_unitario`, `subtotal`) VALUES
(1, 1, 3, 3, 1, 12.00, 0.00),
(2, 2, 13, 226, 1, 14.00, 14.00),
(3, 3, 5, 294, 1, 3.00, 3.00),
(4, 4, 15, 264, 3, 9.80, 29.40),
(5, 5, 12, 263, 3, 5.00, 15.00),
(6, 6, 4, 145, 2, 6.50, 13.00),
(7, 7, 16, 237, 1, 6.00, 6.00),
(8, 8, 7, 234, 2, 9.25, 18.50),
(9, 9, 10, 159, 1, 3.75, 3.75),
(10, 10, 20, 250, 1, 21.50, 21.50),
(11, 11, 3, 248, 2, 12.00, 24.00),
(12, 12, 11, 29, 1, 11.50, 11.50),
(13, 13, 2, 46, 1, 4.50, 4.50),
(14, 14, 20, 250, 1, 21.50, 21.50),
(15, 15, 17, 12, 3, 11.00, 33.00),
(16, 16, 11, 22, 2, 11.50, 23.00),
(17, 17, 14, 267, 3, 2.50, 7.50),
(18, 18, 11, 42, 2, 11.50, 23.00),
(19, 19, 3, 248, 1, 12.00, 12.00),
(20, 20, 17, 15, 3, 11.00, 33.00),
(21, 21, 16, 237, 3, 6.00, 18.00),
(22, 22, 3, 297, 1, 12.00, 12.00),
(23, 23, 7, 50, 3, 9.25, 27.75),
(24, 24, 1, 44, 3, 2.50, 7.50),
(25, 25, 17, 59, 3, 11.00, 33.00),
(26, 26, 5, 230, 2, 3.00, 6.00),
(27, 27, 17, 115, 3, 11.00, 33.00),
(28, 28, 13, 155, 1, 14.00, 14.00),
(29, 29, 7, 216, 1, 9.25, 9.25),
(30, 30, 6, 129, 1, 7.50, 7.50),
(31, 31, 6, 86, 2, 7.50, 15.00),
(32, 32, 19, 33, 1, 2.25, 2.25),
(33, 33, 18, 51, 2, 6.75, 13.50),
(34, 34, 18, 134, 2, 6.75, 13.50),
(35, 35, 8, 64, 3, 2.50, 7.50),
(36, 36, 5, 269, 1, 3.00, 3.00),
(37, 37, 4, 78, 1, 6.50, 6.50),
(38, 38, 5, 218, 3, 3.00, 9.00),
(39, 39, 3, 274, 3, 12.00, 36.00),
(40, 40, 20, 11, 3, 21.50, 64.50),
(41, 41, 12, 185, 1, 5.00, 5.00),
(42, 42, 13, 171, 2, 14.00, 28.00),
(43, 43, 3, 198, 2, 12.00, 24.00),
(44, 44, 14, 114, 1, 2.50, 2.50),
(45, 45, 8, 63, 2, 2.50, 5.00),
(46, 46, 6, 100, 1, 7.50, 7.50),
(47, 47, 6, 158, 1, 7.50, 7.50),
(48, 48, 3, 203, 2, 12.00, 24.00),
(49, 49, 14, 52, 1, 2.50, 2.50),
(50, 50, 17, 227, 1, 11.00, 11.00),
(51, 51, 9, 238, 1, 8.50, 8.50),
(52, 52, 16, 246, 3, 6.00, 18.00),
(53, 53, 11, 54, 1, 11.50, 11.50),
(54, 54, 13, 174, 2, 14.00, 28.00),
(55, 55, 7, 175, 1, 9.25, 9.25),
(56, 56, 2, 10, 1, 4.50, 4.50),
(57, 57, 12, 194, 2, 5.00, 10.00),
(58, 58, 10, 71, 1, 3.75, 3.75),
(59, 59, 20, 5, 3, 21.50, 64.50),
(60, 60, 17, 197, 3, 11.00, 33.00),
(61, 61, 6, 285, 2, 7.50, 15.00),
(62, 62, 7, 175, 2, 9.25, 18.50),
(63, 63, 3, 88, 3, 12.00, 36.00),
(64, 64, 17, 62, 3, 11.00, 33.00),
(65, 65, 6, 16, 3, 7.50, 22.50),
(66, 66, 19, 283, 1, 2.25, 2.25),
(67, 67, 9, 31, 1, 8.50, 8.50),
(68, 68, 17, 12, 2, 11.00, 22.00),
(69, 69, 11, 54, 3, 11.50, 34.50),
(70, 70, 14, 292, 1, 2.50, 2.50),
(71, 71, 17, 15, 2, 11.00, 22.00),
(72, 72, 17, 43, 1, 11.00, 11.00),
(73, 73, 13, 155, 3, 14.00, 42.00),
(74, 74, 19, 192, 3, 2.25, 6.75),
(75, 75, 3, 178, 2, 12.00, 24.00),
(76, 76, 18, 134, 2, 6.75, 13.50),
(77, 77, 18, 83, 1, 6.75, 6.75),
(78, 78, 6, 97, 3, 7.50, 22.50),
(79, 79, 5, 218, 1, 3.00, 3.00),
(80, 80, 18, 51, 1, 6.75, 6.75),
(81, 81, 14, 292, 1, 2.50, 2.50),
(82, 82, 16, 233, 3, 6.00, 18.00),
(83, 83, 5, 156, 1, 3.00, 3.00),
(84, 84, 2, 225, 1, 4.50, 4.50),
(85, 85, 14, 99, 1, 2.50, 2.50),
(86, 86, 1, 23, 2, 2.50, 5.00),
(87, 87, 20, 5, 3, 21.50, 64.50),
(88, 88, 16, 237, 2, 6.00, 12.00),
(89, 89, 7, 234, 2, 9.25, 18.50),
(90, 90, 13, 171, 3, 14.00, 42.00),
(91, 91, 13, 249, 2, 14.00, 28.00),
(92, 92, 9, 28, 2, 8.50, 17.00),
(93, 93, 9, 262, 2, 8.50, 17.00),
(94, 94, 17, 177, 3, 11.00, 33.00),
(95, 95, 18, 83, 1, 6.75, 6.75),
(96, 96, 13, 25, 2, 14.00, 28.00),
(97, 97, 3, 88, 3, 12.00, 36.00),
(98, 98, 2, 98, 3, 4.50, 13.50),
(99, 99, 15, 60, 2, 9.80, 19.60),
(100, 100, 17, 208, 3, 11.00, 33.00),
(101, 101, 11, 211, 1, 11.50, 11.50),
(102, 102, 13, 258, 2, 14.00, 28.00),
(103, 103, 10, 49, 2, 3.75, 7.50),
(104, 104, 1, 146, 3, 2.50, 7.50),
(105, 105, 6, 223, 1, 7.50, 7.50),
(106, 106, 2, 255, 3, 4.50, 13.50),
(107, 107, 8, 121, 1, 2.50, 2.50),
(108, 108, 12, 263, 3, 5.00, 15.00),
(109, 109, 3, 268, 3, 12.00, 36.00),
(110, 110, 11, 54, 3, 11.50, 34.50),
(111, 111, 15, 109, 2, 9.80, 19.60),
(112, 112, 16, 237, 1, 6.00, 6.00),
(113, 113, 14, 81, 1, 2.50, 2.50),
(114, 114, 5, 141, 2, 3.00, 6.00),
(115, 115, 18, 284, 3, 6.75, 20.25),
(116, 116, 3, 198, 3, 12.00, 36.00),
(117, 117, 5, 269, 1, 3.00, 3.00),
(118, 118, 17, 87, 1, 11.00, 11.00),
(119, 119, 12, 196, 2, 5.00, 10.00),
(120, 120, 14, 114, 1, 2.50, 2.50),
(121, 121, 17, 245, 1, 11.00, 11.00),
(122, 122, 3, 248, 3, 12.00, 36.00),
(123, 123, 16, 154, 3, 6.00, 18.00),
(124, 124, 3, 88, 1, 12.00, 12.00),
(125, 125, 19, 33, 3, 2.25, 6.75),
(126, 126, 17, 59, 3, 11.00, 33.00),
(127, 127, 9, 251, 1, 8.50, 8.50),
(128, 128, 11, 211, 3, 11.50, 34.50),
(129, 129, 11, 72, 3, 11.50, 34.50),
(130, 130, 5, 270, 3, 3.00, 9.00),
(131, 131, 19, 260, 2, 2.25, 4.50),
(132, 132, 10, 147, 3, 3.75, 11.25),
(133, 133, 18, 119, 1, 6.75, 6.75),
(134, 134, 20, 213, 3, 21.50, 64.50),
(135, 135, 14, 163, 1, 2.50, 2.50),
(136, 136, 17, 157, 2, 11.00, 22.00),
(137, 137, 10, 147, 2, 3.75, 7.50),
(138, 138, 18, 231, 1, 6.75, 6.75),
(139, 139, 10, 4, 2, 3.75, 7.50),
(140, 140, 1, 91, 1, 2.50, 2.50),
(141, 141, 3, 248, 3, 12.00, 36.00),
(142, 142, 4, 118, 3, 6.50, 19.50),
(143, 143, 11, 42, 3, 11.50, 34.50),
(144, 144, 15, 166, 2, 9.80, 19.60),
(145, 145, 12, 252, 2, 5.00, 10.00),
(146, 146, 11, 211, 1, 11.50, 11.50),
(147, 147, 18, 51, 3, 6.75, 20.25),
(148, 148, 14, 94, 2, 2.50, 5.00),
(149, 149, 15, 206, 3, 9.80, 29.40),
(150, 150, 17, 208, 3, 11.00, 33.00),
(151, 151, 9, 183, 1, 8.50, 8.50),
(152, 152, 16, 233, 1, 6.00, 6.00),
(153, 153, 15, 264, 1, 9.80, 9.80),
(154, 154, 10, 108, 3, 3.75, 11.25),
(155, 155, 5, 190, 3, 3.00, 9.00),
(156, 156, 6, 86, 1, 7.50, 7.50),
(157, 157, 14, 214, 1, 2.50, 2.50),
(158, 158, 10, 229, 2, 3.75, 7.50),
(159, 159, 14, 114, 2, 2.50, 5.00),
(160, 160, 17, 34, 1, 11.00, 11.00),
(161, 161, 7, 188, 3, 9.25, 27.75),
(162, 162, 10, 84, 1, 3.75, 3.75),
(163, 163, 5, 200, 2, 3.00, 6.00),
(164, 164, 12, 38, 2, 5.00, 10.00),
(165, 165, 15, 187, 1, 9.80, 9.80),
(166, 166, 2, 80, 2, 4.50, 9.00),
(167, 167, 13, 249, 2, 14.00, 28.00),
(168, 168, 13, 171, 3, 14.00, 42.00),
(169, 169, 16, 278, 2, 6.00, 12.00),
(170, 170, 3, 178, 1, 12.00, 12.00),
(171, 171, 2, 46, 2, 4.50, 9.00),
(172, 172, 17, 177, 1, 11.00, 11.00),
(173, 173, 15, 79, 2, 9.80, 19.60),
(174, 174, 4, 145, 1, 6.50, 6.50),
(175, 175, 5, 270, 2, 3.00, 6.00),
(176, 176, 10, 202, 3, 3.75, 11.25),
(177, 177, 12, 196, 3, 5.00, 15.00),
(178, 178, 6, 55, 1, 7.50, 7.50),
(179, 179, 5, 290, 3, 3.00, 9.00),
(180, 180, 2, 80, 3, 4.50, 13.50),
(181, 181, 13, 110, 3, 14.00, 42.00),
(182, 182, 17, 87, 1, 11.00, 11.00),
(183, 183, 20, 11, 2, 21.50, 43.00),
(184, 184, 13, 126, 1, 14.00, 14.00),
(185, 185, 8, 271, 3, 2.50, 7.50),
(186, 186, 5, 67, 3, 3.00, 9.00),
(187, 187, 17, 244, 3, 11.00, 33.00),
(188, 188, 17, 43, 3, 11.00, 33.00),
(189, 189, 17, 62, 1, 11.00, 11.00),
(190, 190, 13, 130, 1, 14.00, 14.00),
(191, 191, 4, 204, 1, 6.50, 6.50),
(192, 192, 14, 114, 1, 2.50, 2.50),
(193, 193, 13, 174, 2, 14.00, 28.00),
(194, 194, 6, 86, 1, 7.50, 7.50),
(195, 195, 13, 191, 2, 14.00, 28.00),
(196, 196, 16, 27, 3, 6.00, 18.00),
(197, 197, 17, 177, 1, 11.00, 11.00),
(198, 198, 18, 231, 2, 6.75, 13.50),
(199, 199, 14, 114, 3, 2.50, 7.50),
(200, 200, 5, 152, 2, 3.00, 6.00),
(201, 201, 17, 62, 1, 11.00, 11.00),
(202, 202, 13, 61, 1, 14.00, 14.00),
(203, 203, 13, 130, 3, 14.00, 42.00),
(204, 204, 1, 39, 2, 2.50, 5.00),
(205, 205, 7, 57, 1, 9.25, 9.25),
(206, 206, 10, 186, 3, 3.75, 11.25),
(207, 207, 16, 237, 2, 6.00, 12.00),
(208, 208, 14, 247, 2, 2.50, 5.00),
(209, 209, 17, 208, 1, 11.00, 11.00),
(210, 210, 5, 200, 1, 3.00, 3.00),
(211, 211, 7, 14, 3, 9.25, 27.75),
(212, 212, 17, 244, 1, 11.00, 11.00),
(213, 213, 7, 2, 3, 9.25, 27.75),
(214, 214, 5, 200, 2, 3.00, 6.00),
(215, 215, 4, 253, 2, 6.50, 13.00),
(216, 216, 20, 103, 2, 21.50, 43.00),
(217, 217, 2, 40, 3, 4.50, 13.50),
(218, 218, 10, 229, 3, 3.75, 11.25),
(219, 219, 11, 22, 1, 11.50, 11.50),
(220, 220, 3, 209, 2, 12.00, 24.00),
(221, 221, 19, 169, 2, 2.25, 4.50),
(222, 222, 18, 69, 3, 6.75, 20.25),
(223, 223, 9, 127, 1, 8.50, 8.50),
(224, 224, 13, 61, 3, 14.00, 42.00),
(225, 225, 12, 95, 2, 5.00, 10.00),
(226, 226, 13, 25, 2, 14.00, 28.00),
(227, 227, 14, 52, 3, 2.50, 7.50),
(228, 228, 18, 65, 1, 6.75, 6.75),
(229, 229, 6, 107, 2, 7.50, 15.00),
(230, 230, 3, 203, 1, 12.00, 12.00),
(231, 231, 5, 67, 3, 3.00, 9.00),
(232, 232, 16, 246, 3, 6.00, 18.00),
(233, 233, 11, 265, 1, 11.50, 11.50),
(234, 234, 18, 287, 3, 6.75, 20.25),
(235, 235, 6, 86, 1, 7.50, 7.50),
(236, 236, 13, 174, 2, 14.00, 28.00),
(237, 237, 11, 42, 1, 11.50, 11.50),
(238, 238, 16, 278, 2, 6.00, 12.00),
(239, 239, 6, 140, 3, 7.50, 22.50),
(240, 240, 20, 276, 1, 21.50, 21.50),
(241, 241, 17, 56, 2, 11.00, 22.00),
(242, 242, 17, 157, 1, 11.00, 11.00),
(243, 243, 18, 83, 2, 6.75, 13.50),
(244, 244, 19, 131, 2, 2.25, 4.50),
(245, 245, 8, 121, 3, 2.50, 7.50),
(246, 246, 20, 250, 3, 21.50, 64.50),
(247, 247, 13, 48, 1, 14.00, 14.00),
(248, 248, 5, 75, 2, 3.00, 6.00),
(249, 249, 17, 59, 3, 11.00, 33.00),
(250, 250, 8, 182, 1, 2.50, 2.50),
(251, 251, 16, 27, 2, 6.00, 12.00),
(252, 252, 17, 157, 2, 11.00, 22.00),
(253, 253, 5, 218, 3, 3.00, 9.00),
(254, 254, 9, 37, 2, 8.50, 17.00),
(255, 255, 5, 218, 3, 3.00, 9.00),
(256, 256, 13, 277, 2, 14.00, 28.00),
(257, 257, 17, 56, 1, 11.00, 11.00),
(258, 258, 19, 125, 1, 2.25, 2.25),
(259, 259, 4, 21, 2, 6.50, 13.00),
(260, 260, 1, 117, 1, 2.50, 2.50),
(261, 261, 9, 28, 3, 8.50, 25.50),
(262, 262, 10, 84, 3, 3.75, 11.25),
(263, 263, 6, 223, 3, 7.50, 22.50),
(264, 264, 1, 242, 3, 2.50, 7.50),
(265, 265, 13, 258, 1, 14.00, 14.00),
(266, 266, 19, 131, 3, 2.25, 6.75),
(267, 267, 4, 128, 3, 6.50, 19.50),
(268, 268, 11, 42, 2, 11.50, 23.00),
(269, 269, 15, 221, 3, 9.80, 29.40),
(270, 270, 12, 263, 2, 5.00, 10.00),
(271, 271, 14, 122, 3, 2.50, 7.50),
(272, 272, 3, 178, 2, 12.00, 24.00),
(273, 273, 6, 16, 3, 7.50, 22.50),
(274, 274, 10, 143, 2, 3.75, 7.50),
(275, 275, 8, 266, 2, 2.50, 5.00),
(276, 276, 17, 43, 3, 11.00, 33.00),
(277, 277, 2, 295, 2, 4.50, 9.00),
(278, 278, 15, 138, 1, 9.80, 9.80),
(279, 279, 15, 60, 3, 9.80, 29.40),
(280, 280, 6, 161, 1, 7.50, 7.50),
(281, 281, 9, 262, 1, 8.50, 8.50),
(282, 282, 17, 62, 3, 11.00, 33.00),
(283, 283, 15, 79, 2, 9.80, 19.60),
(284, 284, 1, 58, 2, 2.50, 5.00),
(285, 285, 14, 122, 2, 2.50, 5.00),
(286, 286, 2, 10, 2, 4.50, 9.00),
(287, 287, 7, 216, 1, 9.25, 9.25),
(288, 288, 18, 90, 2, 6.75, 13.50),
(289, 289, 18, 51, 3, 6.75, 20.25),
(290, 290, 13, 18, 1, 14.00, 14.00),
(291, 291, 9, 298, 1, 8.50, 8.50),
(292, 292, 5, 290, 3, 3.00, 9.00),
(293, 293, 19, 283, 1, 2.25, 2.25),
(294, 294, 13, 258, 2, 14.00, 28.00),
(295, 295, 17, 272, 1, 11.00, 11.00),
(296, 296, 17, 115, 2, 11.00, 22.00),
(297, 297, 15, 60, 2, 9.80, 19.60),
(298, 298, 13, 174, 2, 14.00, 28.00),
(299, 299, 14, 280, 2, 2.50, 5.00),
(300, 300, 20, 250, 3, 21.50, 64.50),
(301, 301, 20, 103, 2, 21.50, 43.00),
(302, 302, 16, 237, 2, 6.00, 12.00),
(303, 303, 14, 114, 3, 2.50, 7.50),
(304, 304, 17, 59, 1, 11.00, 11.00),
(305, 305, 13, 174, 1, 14.00, 14.00),
(306, 306, 14, 114, 1, 2.50, 2.50),
(307, 307, 18, 65, 1, 6.75, 6.75),
(308, 308, 3, 257, 2, 12.00, 24.00),
(309, 309, 20, 103, 1, 21.50, 21.50),
(310, 310, 11, 172, 1, 11.50, 11.50),
(311, 311, 19, 273, 1, 2.25, 2.25),
(312, 312, 9, 150, 3, 8.50, 25.50),
(313, 313, 12, 252, 2, 5.00, 10.00),
(314, 314, 16, 154, 2, 6.00, 12.00),
(315, 315, 10, 173, 2, 3.75, 7.50),
(316, 316, 8, 13, 1, 2.50, 2.50),
(317, 317, 15, 187, 2, 9.80, 19.60),
(318, 318, 1, 23, 1, 2.50, 2.50),
(319, 319, 18, 116, 2, 6.75, 13.50),
(320, 320, 15, 66, 2, 9.80, 19.60),
(321, 321, 15, 79, 2, 9.80, 19.60),
(322, 322, 20, 207, 2, 21.50, 43.00),
(323, 323, 9, 28, 3, 8.50, 25.50),
(324, 324, 11, 172, 2, 11.50, 23.00),
(325, 325, 18, 69, 1, 6.75, 6.75),
(326, 326, 10, 259, 1, 3.75, 3.75),
(327, 327, 18, 179, 3, 6.75, 20.25),
(328, 328, 13, 126, 3, 14.00, 42.00),
(329, 329, 5, 290, 2, 3.00, 6.00),
(330, 330, 13, 110, 3, 14.00, 42.00),
(331, 331, 8, 121, 2, 2.50, 5.00),
(332, 332, 12, 189, 3, 5.00, 15.00),
(333, 333, 16, 233, 3, 6.00, 18.00),
(334, 334, 14, 247, 2, 2.50, 5.00),
(335, 335, 2, 162, 3, 4.50, 13.50),
(336, 336, 3, 96, 3, 12.00, 36.00),
(337, 337, 15, 123, 1, 9.80, 9.80),
(338, 338, 10, 259, 2, 3.75, 7.50),
(339, 339, 20, 276, 3, 21.50, 64.50),
(340, 340, 2, 224, 1, 4.50, 4.50),
(341, 341, 17, 272, 2, 11.00, 22.00),
(342, 342, 17, 197, 1, 11.00, 11.00),
(343, 343, 6, 97, 3, 7.50, 22.50),
(344, 344, 6, 223, 1, 7.50, 7.50),
(345, 345, 1, 58, 3, 2.50, 7.50),
(346, 346, 1, 35, 3, 2.50, 7.50),
(347, 347, 18, 51, 2, 6.75, 13.50),
(348, 348, 19, 220, 3, 2.25, 6.75),
(349, 349, 12, 111, 1, 5.00, 5.00),
(350, 350, 11, 172, 3, 11.50, 34.50),
(351, 351, 17, 244, 3, 11.00, 33.00),
(352, 352, 6, 223, 2, 7.50, 15.00),
(353, 353, 7, 101, 3, 9.25, 27.75),
(354, 354, 10, 143, 2, 3.75, 7.50),
(355, 355, 15, 79, 2, 9.80, 19.60),
(356, 356, 18, 254, 3, 6.75, 20.25),
(357, 357, 20, 213, 2, 21.50, 43.00),
(358, 358, 13, 136, 3, 14.00, 42.00),
(359, 359, 8, 271, 3, 2.50, 7.50),
(360, 360, 1, 117, 2, 2.50, 5.00),
(361, 361, 11, 137, 1, 11.50, 11.50),
(362, 362, 3, 88, 1, 12.00, 12.00),
(363, 363, 19, 235, 3, 2.25, 6.75),
(364, 364, 2, 224, 2, 4.50, 9.00),
(365, 365, 18, 228, 2, 6.75, 13.50),
(366, 366, 18, 51, 1, 6.75, 6.75),
(367, 367, 9, 215, 3, 8.50, 25.50),
(368, 368, 6, 100, 2, 7.50, 15.00),
(369, 369, 4, 253, 1, 6.50, 6.50),
(370, 370, 13, 25, 1, 14.00, 14.00),
(371, 371, 5, 144, 2, 3.00, 6.00),
(372, 372, 8, 243, 3, 2.50, 7.50),
(373, 373, 4, 82, 1, 6.50, 6.50),
(374, 374, 5, 256, 3, 3.00, 9.00),
(375, 375, 6, 223, 3, 7.50, 22.50),
(376, 376, 15, 74, 3, 9.80, 29.40),
(377, 377, 16, 246, 3, 6.00, 18.00),
(378, 378, 10, 71, 1, 3.75, 3.75),
(379, 379, 1, 58, 1, 2.50, 2.50),
(380, 380, 18, 51, 2, 6.75, 13.50),
(381, 381, 2, 80, 2, 4.50, 9.00),
(382, 382, 13, 48, 3, 14.00, 42.00),
(383, 383, 15, 123, 1, 9.80, 9.80),
(384, 384, 11, 104, 2, 11.50, 23.00),
(385, 385, 17, 245, 3, 11.00, 33.00),
(386, 386, 13, 164, 2, 14.00, 28.00),
(387, 387, 10, 159, 2, 3.75, 7.50),
(388, 388, 20, 213, 3, 21.50, 64.50),
(389, 389, 2, 224, 1, 4.50, 4.50),
(390, 390, 4, 219, 2, 6.50, 13.00),
(391, 391, 19, 68, 2, 2.25, 4.50),
(392, 392, 1, 58, 2, 2.50, 5.00),
(393, 393, 5, 85, 2, 3.00, 6.00),
(394, 394, 1, 165, 3, 2.50, 7.50),
(395, 395, 10, 259, 1, 3.75, 3.75),
(396, 396, 17, 208, 1, 11.00, 11.00),
(397, 397, 12, 252, 1, 5.00, 5.00),
(398, 398, 18, 65, 1, 6.75, 6.75),
(399, 399, 14, 151, 1, 2.50, 2.50),
(400, 400, 15, 289, 2, 9.80, 19.60),
(401, 401, 1, 58, 3, 2.50, 7.50),
(402, 402, 14, 94, 1, 2.50, 2.50),
(403, 403, 17, 12, 1, 11.00, 11.00),
(404, 404, 10, 143, 1, 3.75, 3.75),
(405, 405, 10, 202, 3, 3.75, 11.25),
(406, 406, 12, 38, 1, 5.00, 5.00),
(407, 407, 16, 237, 1, 6.00, 6.00),
(408, 408, 11, 29, 1, 11.50, 11.50),
(409, 409, 10, 159, 2, 3.75, 7.50),
(410, 410, 14, 99, 1, 2.50, 2.50),
(411, 411, 16, 278, 1, 6.00, 6.00),
(412, 412, 7, 239, 2, 9.25, 18.50),
(413, 413, 13, 277, 3, 14.00, 42.00),
(414, 414, 10, 147, 1, 3.75, 3.75),
(415, 415, 8, 300, 3, 2.50, 7.50),
(416, 416, 9, 262, 2, 8.50, 17.00),
(417, 417, 2, 224, 2, 4.50, 9.00),
(418, 418, 19, 169, 2, 2.25, 4.50),
(419, 419, 20, 279, 2, 21.50, 43.00),
(420, 420, 3, 198, 2, 12.00, 24.00),
(421, 421, 8, 64, 2, 2.50, 5.00),
(422, 422, 14, 81, 1, 2.50, 2.50),
(423, 423, 10, 84, 2, 3.75, 7.50),
(424, 424, 18, 231, 1, 6.75, 6.75),
(425, 425, 6, 140, 3, 7.50, 22.50),
(426, 426, 2, 46, 3, 4.50, 13.50),
(427, 427, 14, 247, 3, 2.50, 7.50),
(428, 428, 8, 182, 1, 2.50, 2.50),
(429, 429, 13, 153, 3, 14.00, 42.00),
(430, 430, 5, 156, 1, 3.00, 3.00),
(431, 431, 13, 17, 2, 14.00, 28.00),
(432, 432, 12, 189, 3, 5.00, 15.00),
(433, 433, 3, 77, 2, 12.00, 24.00),
(434, 434, 19, 283, 1, 2.25, 2.25),
(435, 435, 17, 7, 2, 11.00, 22.00),
(436, 436, 9, 238, 2, 8.50, 17.00),
(437, 437, 8, 182, 1, 2.50, 2.50),
(438, 438, 17, 43, 2, 11.00, 22.00),
(439, 439, 3, 257, 3, 12.00, 36.00),
(440, 440, 12, 24, 3, 5.00, 15.00),
(441, 441, 12, 111, 3, 5.00, 15.00),
(442, 442, 14, 114, 1, 2.50, 2.50),
(443, 443, 12, 120, 2, 5.00, 10.00),
(444, 444, 6, 140, 3, 7.50, 22.50),
(445, 445, 13, 18, 1, 14.00, 14.00),
(446, 446, 19, 273, 2, 2.25, 4.50),
(447, 447, 8, 266, 1, 2.50, 2.50),
(448, 448, 18, 228, 1, 6.75, 6.75),
(449, 449, 15, 76, 1, 9.80, 9.80),
(450, 450, 5, 75, 3, 3.00, 9.00),
(451, 451, 4, 219, 3, 6.50, 19.50),
(452, 452, 9, 150, 1, 8.50, 8.50),
(453, 453, 17, 7, 1, 11.00, 11.00),
(454, 454, 2, 295, 1, 4.50, 4.50),
(455, 455, 9, 298, 2, 8.50, 17.00),
(456, 456, 10, 229, 2, 3.75, 7.50),
(457, 457, 3, 96, 2, 12.00, 24.00),
(458, 458, 4, 145, 1, 6.50, 6.50),
(459, 459, 5, 294, 3, 3.00, 9.00),
(460, 460, 18, 51, 2, 6.75, 13.50),
(461, 461, 11, 72, 3, 11.50, 34.50),
(462, 462, 10, 4, 3, 3.75, 11.25),
(463, 463, 6, 161, 2, 7.50, 15.00),
(464, 464, 3, 257, 2, 12.00, 24.00),
(465, 465, 7, 106, 1, 9.25, 9.25),
(466, 466, 8, 64, 1, 2.50, 2.50),
(467, 467, 17, 12, 2, 11.00, 22.00),
(468, 468, 10, 147, 2, 3.75, 7.50),
(469, 469, 1, 91, 2, 2.50, 5.00),
(470, 470, 11, 72, 2, 11.50, 23.00),
(471, 471, 5, 269, 1, 3.00, 3.00),
(472, 472, 20, 279, 3, 21.50, 64.50),
(473, 473, 13, 174, 3, 14.00, 42.00),
(474, 474, 7, 101, 3, 9.25, 27.75),
(475, 475, 16, 154, 2, 6.00, 12.00),
(476, 476, 11, 20, 2, 11.50, 23.00),
(477, 477, 18, 135, 2, 6.75, 13.50),
(478, 478, 8, 13, 1, 2.50, 2.50),
(479, 479, 20, 213, 3, 21.50, 64.50),
(480, 480, 17, 177, 2, 11.00, 22.00),
(481, 481, 11, 104, 2, 11.50, 23.00),
(482, 482, 1, 44, 2, 2.50, 5.00),
(483, 483, 11, 72, 1, 11.50, 11.50),
(484, 484, 17, 177, 2, 11.00, 22.00),
(485, 485, 20, 213, 2, 21.50, 43.00),
(486, 486, 3, 268, 2, 12.00, 24.00),
(487, 487, 11, 42, 3, 11.50, 34.50),
(488, 488, 5, 73, 2, 3.00, 6.00),
(489, 489, 13, 48, 1, 14.00, 14.00),
(490, 490, 19, 33, 2, 2.25, 4.50),
(491, 491, 12, 24, 1, 5.00, 5.00),
(492, 492, 7, 222, 1, 9.25, 9.25),
(493, 493, 13, 153, 1, 14.00, 14.00),
(494, 494, 15, 241, 3, 9.80, 29.40),
(495, 495, 9, 184, 1, 8.50, 8.50),
(496, 496, 3, 77, 1, 12.00, 12.00),
(497, 497, 9, 124, 3, 8.50, 25.50),
(498, 498, 18, 51, 3, 6.75, 20.25),
(499, 499, 14, 151, 3, 2.50, 7.50),
(500, 500, 8, 121, 1, 2.50, 2.50),
(501, 501, 9, 238, 3, 8.50, 25.50),
(502, 502, 10, 49, 2, 3.75, 7.50),
(503, 503, 12, 41, 1, 5.00, 5.00),
(504, 504, 11, 92, 2, 11.50, 23.00),
(505, 505, 18, 83, 1, 6.75, 6.75),
(506, 506, 13, 61, 2, 14.00, 28.00),
(507, 507, 2, 225, 1, 4.50, 4.50),
(508, 508, 10, 84, 2, 3.75, 7.50),
(509, 509, 7, 1, 3, 9.25, 27.75),
(510, 510, 14, 214, 1, 2.50, 2.50),
(511, 511, 9, 168, 3, 8.50, 25.50),
(512, 512, 11, 29, 3, 11.50, 34.50),
(513, 513, 3, 77, 3, 12.00, 36.00),
(514, 514, 9, 127, 3, 8.50, 25.50),
(515, 515, 19, 260, 2, 2.25, 4.50),
(516, 516, 9, 127, 2, 8.50, 17.00),
(517, 517, 2, 10, 3, 4.50, 13.50),
(518, 518, 1, 146, 1, 2.50, 2.50),
(519, 519, 14, 214, 3, 2.50, 7.50),
(520, 520, 7, 101, 3, 9.25, 27.75),
(521, 521, 10, 70, 3, 3.75, 11.25),
(522, 522, 3, 297, 3, 12.00, 36.00),
(523, 523, 16, 180, 3, 6.00, 18.00),
(524, 524, 13, 153, 2, 14.00, 28.00),
(525, 525, 14, 214, 1, 2.50, 2.50),
(526, 526, 15, 138, 1, 9.80, 9.80),
(527, 527, 15, 264, 1, 9.80, 9.80),
(528, 528, 16, 233, 2, 6.00, 12.00),
(529, 529, 14, 81, 3, 2.50, 7.50),
(530, 530, 10, 173, 1, 3.75, 3.75),
(531, 531, 10, 159, 1, 3.75, 3.75),
(532, 532, 6, 223, 3, 7.50, 22.50),
(533, 533, 10, 147, 2, 3.75, 7.50),
(534, 534, 5, 294, 3, 3.00, 9.00),
(535, 535, 13, 174, 1, 14.00, 14.00),
(536, 536, 19, 235, 1, 2.25, 2.25),
(537, 537, 12, 196, 3, 5.00, 15.00),
(538, 538, 11, 72, 1, 11.50, 11.50),
(539, 539, 18, 254, 2, 6.75, 13.50),
(540, 540, 12, 111, 3, 5.00, 15.00),
(541, 541, 19, 33, 1, 2.25, 2.25),
(542, 542, 2, 112, 2, 4.50, 9.00),
(543, 543, 8, 63, 2, 2.50, 5.00),
(544, 544, 2, 98, 3, 4.50, 13.50),
(545, 545, 2, 224, 1, 4.50, 4.50),
(546, 546, 11, 22, 1, 11.50, 11.50),
(547, 547, 13, 174, 2, 14.00, 28.00),
(548, 548, 13, 110, 3, 14.00, 42.00),
(549, 549, 20, 11, 1, 21.50, 21.50),
(550, 550, 18, 284, 1, 6.75, 6.75),
(551, 551, 5, 167, 2, 3.00, 6.00),
(552, 552, 19, 235, 2, 2.25, 4.50),
(553, 553, 17, 62, 1, 11.00, 11.00),
(554, 554, 6, 86, 1, 7.50, 7.50),
(555, 555, 11, 42, 2, 11.50, 23.00),
(556, 556, 17, 227, 3, 11.00, 33.00),
(557, 557, 4, 291, 2, 6.50, 13.00),
(558, 558, 20, 5, 2, 21.50, 43.00),
(559, 559, 2, 162, 1, 4.50, 4.50),
(560, 560, 13, 61, 3, 14.00, 42.00),
(561, 561, 11, 137, 2, 11.50, 23.00),
(562, 562, 15, 264, 3, 9.80, 29.40),
(563, 563, 18, 134, 1, 6.75, 6.75),
(564, 564, 10, 186, 2, 3.75, 7.50),
(565, 565, 5, 167, 3, 3.00, 9.00),
(566, 566, 11, 104, 1, 11.50, 11.50),
(567, 567, 17, 227, 3, 11.00, 33.00),
(568, 568, 6, 9, 2, 7.50, 15.00),
(569, 569, 6, 100, 3, 7.50, 22.50),
(570, 570, 7, 175, 3, 9.25, 27.75),
(571, 571, 10, 229, 1, 3.75, 3.75),
(572, 572, 7, 222, 3, 9.25, 27.75),
(573, 573, 1, 39, 2, 2.50, 5.00),
(574, 574, 12, 252, 3, 5.00, 15.00),
(575, 575, 3, 209, 3, 12.00, 36.00),
(576, 576, 17, 87, 2, 11.00, 22.00),
(577, 577, 12, 120, 1, 5.00, 5.00),
(578, 578, 6, 140, 3, 7.50, 22.50),
(579, 579, 10, 229, 2, 3.75, 7.50),
(580, 580, 7, 2, 1, 9.25, 9.25),
(581, 581, 12, 120, 2, 5.00, 10.00),
(582, 582, 5, 75, 2, 3.00, 6.00),
(583, 583, 17, 240, 3, 11.00, 33.00),
(584, 584, 3, 268, 3, 12.00, 36.00),
(585, 585, 1, 23, 1, 2.50, 2.50),
(586, 586, 13, 153, 2, 14.00, 28.00),
(587, 587, 7, 175, 1, 9.25, 9.25),
(588, 588, 17, 87, 2, 11.00, 22.00),
(589, 589, 2, 40, 2, 4.50, 9.00),
(590, 590, 12, 263, 2, 5.00, 10.00),
(591, 591, 15, 79, 2, 9.80, 19.60),
(592, 592, 1, 242, 3, 2.50, 7.50),
(593, 593, 5, 167, 2, 3.00, 6.00),
(594, 594, 15, 241, 3, 9.80, 29.40),
(595, 595, 14, 122, 1, 2.50, 2.50),
(596, 596, 5, 75, 2, 3.00, 6.00),
(597, 597, 5, 190, 1, 3.00, 3.00),
(598, 598, 1, 165, 1, 2.50, 2.50),
(599, 599, 17, 87, 3, 11.00, 33.00),
(600, 600, 16, 278, 1, 6.00, 6.00),
(601, 601, 11, 172, 2, 11.50, 23.00),
(602, 602, 2, 162, 2, 4.50, 9.00),
(603, 603, 9, 168, 1, 8.50, 8.50),
(604, 604, 7, 188, 2, 9.25, 18.50),
(605, 605, 13, 61, 3, 14.00, 42.00),
(606, 606, 14, 81, 1, 2.50, 2.50),
(607, 607, 5, 67, 1, 3.00, 3.00),
(608, 608, 11, 29, 2, 11.50, 23.00),
(609, 609, 2, 80, 3, 4.50, 13.50),
(610, 610, 18, 65, 1, 6.75, 6.75),
(611, 611, 15, 138, 3, 9.80, 29.40),
(612, 612, 18, 83, 3, 6.75, 20.25),
(613, 613, 20, 105, 3, 21.50, 64.50),
(614, 614, 14, 94, 1, 2.50, 2.50),
(615, 615, 19, 273, 2, 2.25, 4.50),
(616, 616, 11, 211, 2, 11.50, 23.00),
(617, 617, 7, 216, 1, 9.25, 9.25),
(618, 618, 7, 2, 3, 9.25, 27.75),
(619, 619, 9, 28, 2, 8.50, 17.00),
(620, 620, 9, 127, 3, 8.50, 25.50),
(621, 621, 13, 174, 3, 14.00, 42.00),
(622, 622, 13, 17, 1, 14.00, 14.00),
(623, 623, 7, 216, 1, 9.25, 9.25),
(624, 624, 5, 85, 2, 3.00, 6.00),
(625, 625, 12, 95, 2, 5.00, 10.00),
(626, 626, 6, 285, 3, 7.50, 22.50),
(627, 627, 11, 92, 3, 11.50, 34.50),
(628, 628, 13, 61, 1, 14.00, 14.00),
(629, 629, 8, 271, 3, 2.50, 7.50),
(630, 630, 9, 184, 2, 8.50, 17.00),
(631, 631, 5, 269, 1, 3.00, 3.00),
(632, 632, 15, 264, 2, 9.80, 19.60),
(633, 633, 8, 93, 2, 2.50, 5.00),
(634, 634, 12, 261, 1, 5.00, 5.00),
(635, 635, 6, 293, 3, 7.50, 22.50),
(636, 636, 14, 81, 1, 2.50, 2.50),
(637, 637, 20, 236, 2, 21.50, 43.00),
(638, 638, 12, 24, 1, 5.00, 5.00),
(639, 639, 2, 224, 1, 4.50, 4.50),
(640, 640, 12, 38, 3, 5.00, 15.00),
(641, 641, 12, 38, 2, 5.00, 10.00),
(642, 642, 1, 58, 1, 2.50, 2.50),
(643, 643, 5, 75, 1, 3.00, 3.00),
(644, 644, 8, 93, 2, 2.50, 5.00),
(645, 645, 19, 273, 2, 2.25, 4.50),
(646, 646, 17, 208, 3, 11.00, 33.00),
(647, 647, 18, 119, 2, 6.75, 13.50),
(648, 648, 7, 14, 3, 9.25, 27.75),
(649, 649, 12, 185, 1, 5.00, 5.00),
(650, 650, 6, 86, 1, 7.50, 7.50),
(651, 651, 11, 104, 2, 11.50, 23.00),
(652, 652, 20, 132, 3, 21.50, 64.50),
(653, 653, 9, 28, 3, 8.50, 25.50),
(654, 654, 2, 10, 1, 4.50, 4.50),
(655, 655, 5, 290, 3, 3.00, 9.00),
(656, 656, 13, 53, 2, 14.00, 28.00),
(657, 657, 11, 265, 2, 11.50, 23.00),
(658, 658, 14, 214, 2, 2.50, 5.00),
(659, 659, 20, 250, 3, 21.50, 64.50),
(660, 660, 9, 31, 2, 8.50, 17.00),
(661, 661, 19, 33, 2, 2.25, 4.50),
(662, 662, 9, 215, 1, 8.50, 8.50),
(663, 663, 3, 88, 1, 12.00, 12.00),
(664, 664, 8, 300, 1, 2.50, 2.50),
(665, 665, 13, 126, 3, 14.00, 42.00),
(666, 666, 19, 169, 3, 2.25, 6.75),
(667, 667, 16, 154, 2, 6.00, 12.00),
(668, 668, 13, 191, 2, 14.00, 28.00),
(669, 669, 12, 38, 1, 5.00, 5.00),
(670, 670, 4, 170, 2, 6.50, 13.00),
(671, 671, 18, 135, 3, 6.75, 20.25),
(672, 672, 1, 23, 3, 2.50, 7.50),
(673, 673, 18, 284, 3, 6.75, 20.25),
(674, 674, 5, 218, 1, 3.00, 3.00),
(675, 675, 4, 30, 1, 6.50, 6.50),
(676, 676, 6, 293, 3, 7.50, 22.50),
(677, 677, 12, 263, 2, 5.00, 10.00),
(678, 678, 18, 287, 3, 6.75, 20.25),
(679, 679, 14, 122, 2, 2.50, 5.00),
(680, 680, 9, 37, 3, 8.50, 25.50),
(681, 681, 19, 131, 3, 2.25, 6.75),
(682, 682, 8, 93, 3, 2.50, 7.50),
(683, 683, 5, 6, 2, 3.00, 6.00),
(684, 684, 6, 97, 1, 7.50, 7.50),
(685, 685, 13, 53, 2, 14.00, 28.00),
(686, 686, 12, 41, 1, 5.00, 5.00),
(687, 687, 19, 125, 3, 2.25, 6.75),
(688, 688, 16, 154, 3, 6.00, 18.00),
(689, 689, 6, 97, 1, 7.50, 7.50),
(690, 690, 12, 120, 3, 5.00, 15.00),
(691, 691, 1, 176, 3, 2.50, 7.50),
(692, 692, 16, 47, 2, 6.00, 12.00),
(693, 693, 14, 94, 1, 2.50, 2.50),
(694, 694, 12, 196, 3, 5.00, 15.00),
(695, 695, 12, 196, 1, 5.00, 5.00),
(696, 696, 17, 12, 2, 11.00, 22.00),
(697, 697, 15, 206, 2, 9.80, 19.60),
(698, 698, 13, 126, 1, 14.00, 14.00),
(699, 699, 9, 183, 2, 8.50, 17.00),
(700, 700, 3, 178, 3, 12.00, 36.00),
(701, 701, 5, 67, 3, 3.00, 9.00),
(702, 702, 18, 284, 3, 6.75, 20.25),
(703, 703, 8, 243, 1, 2.50, 2.50),
(704, 704, 19, 220, 2, 2.25, 4.50),
(705, 705, 18, 228, 2, 6.75, 13.50),
(706, 706, 11, 89, 1, 11.50, 11.50),
(707, 707, 7, 50, 3, 9.25, 27.75),
(708, 708, 9, 124, 3, 8.50, 25.50),
(709, 709, 4, 204, 1, 6.50, 6.50),
(710, 710, 2, 10, 3, 4.50, 13.50),
(711, 711, 11, 211, 2, 11.50, 23.00),
(712, 712, 8, 210, 1, 2.50, 2.50),
(713, 713, 5, 269, 2, 3.00, 6.00),
(714, 714, 14, 267, 3, 2.50, 7.50),
(715, 715, 3, 142, 2, 12.00, 24.00),
(716, 716, 18, 83, 1, 6.75, 6.75),
(717, 717, 6, 129, 2, 7.50, 15.00),
(718, 718, 17, 59, 2, 11.00, 22.00),
(719, 719, 5, 230, 3, 3.00, 9.00),
(720, 720, 10, 229, 1, 3.75, 3.75),
(721, 721, 18, 287, 3, 6.75, 20.25),
(722, 722, 8, 121, 1, 2.50, 2.50),
(723, 723, 18, 254, 2, 6.75, 13.50),
(724, 724, 13, 25, 2, 14.00, 28.00),
(725, 725, 3, 3, 2, 12.00, 24.00),
(726, 726, 17, 244, 3, 11.00, 33.00),
(727, 727, 18, 284, 2, 6.75, 13.50),
(728, 728, 12, 252, 1, 5.00, 5.00),
(729, 729, 19, 169, 3, 2.25, 6.75),
(730, 730, 11, 29, 3, 11.50, 34.50),
(731, 731, 3, 178, 3, 12.00, 36.00),
(732, 732, 17, 62, 2, 11.00, 22.00),
(733, 733, 13, 48, 1, 14.00, 14.00),
(734, 734, 13, 61, 3, 14.00, 42.00),
(735, 735, 5, 144, 1, 3.00, 3.00),
(736, 736, 13, 18, 1, 14.00, 14.00),
(737, 737, 16, 246, 2, 6.00, 12.00),
(738, 738, 10, 70, 1, 3.75, 3.75),
(739, 739, 16, 133, 3, 6.00, 18.00),
(740, 740, 1, 146, 1, 2.50, 2.50),
(741, 741, 16, 237, 1, 6.00, 6.00),
(742, 742, 20, 207, 1, 21.50, 21.50),
(743, 743, 9, 184, 2, 8.50, 17.00),
(744, 744, 18, 135, 3, 6.75, 20.25),
(745, 745, 13, 164, 1, 14.00, 14.00),
(746, 746, 16, 154, 3, 6.00, 18.00),
(747, 747, 20, 279, 2, 21.50, 43.00),
(748, 748, 13, 153, 2, 14.00, 28.00),
(749, 749, 15, 60, 1, 9.80, 9.80),
(750, 750, 15, 195, 3, 9.80, 29.40),
(751, 751, 13, 191, 2, 14.00, 28.00),
(752, 752, 18, 179, 3, 6.75, 20.25),
(753, 753, 11, 22, 1, 11.50, 11.50),
(754, 754, 8, 300, 2, 2.50, 5.00),
(755, 755, 5, 75, 2, 3.00, 6.00),
(756, 756, 14, 280, 2, 2.50, 5.00),
(757, 757, 6, 107, 3, 7.50, 22.50),
(758, 758, 17, 208, 1, 11.00, 11.00),
(759, 759, 14, 99, 3, 2.50, 7.50),
(760, 760, 15, 221, 3, 9.80, 29.40),
(761, 761, 7, 2, 3, 9.25, 27.75),
(762, 762, 2, 224, 1, 4.50, 4.50),
(763, 763, 9, 215, 1, 8.50, 8.50),
(764, 764, 13, 174, 3, 14.00, 42.00),
(765, 765, 4, 128, 3, 6.50, 19.50),
(766, 766, 5, 294, 1, 3.00, 3.00),
(767, 767, 10, 173, 3, 3.75, 11.25),
(768, 768, 4, 193, 2, 6.50, 13.00),
(769, 769, 13, 282, 1, 14.00, 14.00),
(770, 770, 20, 236, 2, 21.50, 43.00),
(771, 771, 5, 36, 2, 3.00, 6.00),
(772, 772, 15, 109, 2, 9.80, 19.60),
(773, 773, 18, 228, 3, 6.75, 20.25),
(774, 774, 9, 127, 3, 8.50, 25.50),
(775, 775, 12, 263, 1, 5.00, 5.00),
(776, 776, 16, 47, 2, 6.00, 12.00),
(777, 777, 15, 221, 1, 9.80, 9.80),
(778, 778, 15, 74, 3, 9.80, 29.40),
(779, 779, 6, 97, 1, 7.50, 7.50),
(780, 780, 20, 279, 2, 21.50, 43.00),
(781, 781, 6, 107, 2, 7.50, 15.00),
(782, 782, 12, 189, 2, 5.00, 10.00),
(783, 783, 18, 83, 2, 6.75, 13.50),
(784, 784, 16, 27, 3, 6.00, 18.00),
(785, 785, 2, 10, 2, 4.50, 9.00),
(786, 786, 7, 1, 2, 9.25, 18.50),
(787, 787, 12, 41, 3, 5.00, 15.00),
(788, 788, 17, 62, 3, 11.00, 33.00),
(789, 789, 15, 76, 3, 9.80, 29.40),
(790, 790, 14, 81, 3, 2.50, 7.50),
(791, 791, 12, 111, 3, 5.00, 15.00),
(792, 792, 4, 30, 3, 6.50, 19.50),
(793, 793, 17, 212, 3, 11.00, 33.00),
(794, 794, 2, 10, 3, 4.50, 13.50),
(795, 795, 2, 113, 3, 4.50, 13.50),
(796, 796, 12, 189, 2, 5.00, 10.00),
(797, 797, 17, 245, 1, 11.00, 11.00),
(798, 798, 8, 199, 1, 2.50, 2.50),
(799, 799, 7, 57, 1, 9.25, 9.25),
(800, 800, 13, 136, 1, 14.00, 14.00),
(801, 801, 9, 262, 1, 8.50, 8.50),
(802, 802, 10, 202, 2, 3.75, 7.50),
(803, 803, 17, 212, 1, 11.00, 11.00),
(804, 804, 20, 132, 1, 21.50, 21.50),
(805, 805, 11, 211, 1, 11.50, 11.50),
(806, 806, 7, 216, 1, 9.25, 9.25),
(807, 807, 15, 60, 3, 9.80, 29.40),
(808, 808, 16, 233, 1, 6.00, 6.00),
(809, 809, 11, 22, 2, 11.50, 23.00),
(810, 810, 4, 78, 2, 6.50, 13.00),
(811, 811, 20, 5, 2, 21.50, 43.00),
(812, 812, 11, 172, 3, 11.50, 34.50),
(813, 813, 4, 21, 3, 6.50, 19.50),
(814, 814, 9, 262, 1, 8.50, 8.50),
(815, 815, 7, 101, 3, 9.25, 27.75),
(816, 816, 14, 94, 2, 2.50, 5.00),
(817, 817, 1, 165, 3, 2.50, 7.50),
(818, 818, 11, 137, 3, 11.50, 34.50),
(819, 819, 1, 146, 1, 2.50, 2.50),
(820, 820, 11, 104, 3, 11.50, 34.50),
(821, 821, 4, 299, 3, 6.50, 19.50),
(822, 822, 16, 154, 3, 6.00, 18.00),
(823, 823, 6, 158, 3, 7.50, 22.50),
(824, 824, 18, 65, 2, 6.75, 13.50),
(825, 825, 9, 127, 2, 8.50, 17.00),
(826, 826, 15, 241, 1, 9.80, 9.80),
(827, 827, 5, 270, 3, 3.00, 9.00),
(828, 828, 5, 281, 3, 3.00, 9.00),
(829, 829, 15, 60, 2, 9.80, 19.60),
(830, 830, 20, 296, 1, 21.50, 21.50),
(831, 831, 8, 93, 2, 2.50, 5.00),
(832, 832, 1, 117, 1, 2.50, 2.50),
(833, 833, 12, 41, 2, 5.00, 10.00),
(834, 834, 7, 239, 3, 9.25, 27.75),
(835, 835, 20, 132, 1, 21.50, 21.50),
(836, 836, 7, 1, 1, 9.25, 9.25),
(837, 837, 15, 123, 2, 9.80, 19.60),
(838, 838, 12, 196, 2, 5.00, 10.00),
(839, 839, 17, 208, 2, 11.00, 22.00),
(840, 840, 18, 231, 3, 6.75, 20.25),
(841, 841, 19, 125, 2, 2.25, 4.50),
(842, 842, 11, 104, 2, 11.50, 23.00),
(843, 843, 5, 269, 1, 3.00, 3.00),
(844, 844, 18, 179, 3, 6.75, 20.25),
(845, 845, 6, 107, 1, 7.50, 7.50),
(846, 846, 16, 47, 3, 6.00, 18.00),
(847, 847, 7, 106, 2, 9.25, 18.50),
(848, 848, 20, 296, 2, 21.50, 43.00),
(849, 849, 18, 65, 3, 6.75, 20.25),
(850, 850, 6, 55, 1, 7.50, 7.50),
(851, 851, 4, 291, 3, 6.50, 19.50),
(852, 852, 2, 225, 3, 4.50, 13.50),
(853, 853, 17, 208, 2, 11.00, 22.00),
(854, 854, 6, 97, 2, 7.50, 15.00),
(855, 855, 12, 185, 2, 5.00, 10.00),
(856, 856, 15, 206, 1, 9.80, 9.80),
(857, 857, 20, 296, 2, 21.50, 43.00),
(858, 858, 10, 71, 3, 3.75, 11.25),
(859, 859, 13, 126, 2, 14.00, 28.00),
(860, 860, 7, 2, 1, 9.25, 9.25),
(861, 861, 3, 3, 2, 12.00, 24.00),
(862, 862, 14, 151, 2, 2.50, 5.00),
(863, 863, 16, 205, 3, 6.00, 18.00),
(864, 864, 7, 188, 1, 9.25, 9.25),
(865, 865, 7, 216, 3, 9.25, 27.75),
(866, 866, 3, 203, 2, 12.00, 24.00),
(867, 867, 10, 4, 3, 3.75, 11.25),
(868, 868, 9, 238, 2, 8.50, 17.00),
(869, 869, 5, 230, 3, 3.00, 9.00),
(870, 870, 2, 80, 3, 4.50, 13.50),
(871, 871, 11, 211, 3, 11.50, 34.50),
(872, 872, 1, 242, 1, 2.50, 2.50),
(873, 873, 11, 265, 2, 11.50, 23.00),
(874, 874, 19, 68, 1, 2.25, 2.25),
(875, 875, 7, 14, 1, 9.25, 9.25),
(876, 876, 12, 189, 1, 5.00, 5.00),
(877, 877, 5, 200, 1, 3.00, 3.00),
(878, 878, 17, 115, 1, 11.00, 11.00),
(879, 879, 8, 13, 1, 2.50, 2.50),
(880, 880, 1, 165, 2, 2.50, 5.00),
(881, 881, 6, 140, 3, 7.50, 22.50),
(882, 882, 15, 26, 1, 9.80, 9.80),
(883, 883, 12, 194, 1, 5.00, 5.00),
(884, 884, 1, 58, 3, 2.50, 7.50),
(885, 885, 17, 15, 1, 11.00, 11.00),
(886, 886, 15, 221, 3, 9.80, 29.40),
(887, 887, 20, 5, 1, 21.50, 21.50),
(888, 888, 16, 27, 2, 6.00, 12.00),
(889, 889, 4, 148, 3, 6.50, 19.50),
(890, 890, 9, 8, 1, 8.50, 8.50),
(891, 891, 15, 221, 2, 9.80, 19.60),
(892, 892, 12, 111, 1, 5.00, 5.00),
(893, 893, 12, 194, 3, 5.00, 15.00),
(894, 894, 12, 95, 3, 5.00, 15.00),
(895, 895, 2, 80, 1, 4.50, 4.50),
(896, 896, 3, 3, 3, 12.00, 36.00),
(897, 897, 10, 186, 3, 3.75, 11.25),
(898, 898, 12, 189, 2, 5.00, 10.00),
(899, 899, 2, 40, 2, 4.50, 9.00),
(900, 900, 17, 177, 1, 11.00, 11.00),
(901, 901, 5, 281, 3, 3.00, 9.00),
(902, 902, 20, 207, 2, 21.50, 43.00),
(903, 903, 10, 71, 2, 3.75, 7.50),
(904, 904, 10, 108, 1, 3.75, 3.75),
(905, 905, 15, 138, 2, 9.80, 19.60),
(906, 906, 13, 277, 3, 14.00, 42.00),
(907, 907, 11, 211, 1, 11.50, 11.50),
(908, 908, 9, 184, 2, 8.50, 17.00),
(909, 909, 13, 258, 1, 14.00, 14.00),
(910, 910, 13, 110, 3, 14.00, 42.00),
(911, 911, 18, 65, 2, 6.75, 13.50),
(912, 912, 20, 5, 1, 21.50, 21.50),
(913, 913, 19, 192, 3, 2.25, 6.75),
(914, 914, 18, 134, 3, 6.75, 20.25),
(915, 915, 7, 234, 2, 9.25, 18.50),
(916, 916, 5, 156, 1, 3.00, 3.00),
(917, 917, 11, 265, 1, 11.50, 11.50),
(918, 918, 3, 209, 2, 12.00, 24.00),
(919, 919, 13, 258, 2, 14.00, 28.00),
(920, 920, 17, 87, 1, 11.00, 11.00),
(921, 921, 10, 202, 2, 3.75, 7.50),
(922, 922, 19, 125, 2, 2.25, 4.50),
(923, 923, 13, 249, 1, 14.00, 14.00),
(924, 924, 17, 197, 2, 11.00, 22.00),
(925, 925, 1, 35, 3, 2.50, 7.50),
(926, 926, 14, 286, 2, 2.50, 5.00),
(927, 927, 9, 183, 1, 8.50, 8.50),
(928, 928, 13, 61, 2, 14.00, 28.00),
(929, 929, 9, 127, 2, 8.50, 17.00),
(930, 930, 5, 281, 3, 3.00, 9.00),
(931, 931, 3, 248, 3, 12.00, 36.00),
(932, 932, 9, 168, 2, 8.50, 17.00),
(933, 933, 12, 185, 3, 5.00, 15.00),
(934, 934, 18, 69, 2, 6.75, 13.50),
(935, 935, 20, 296, 2, 21.50, 43.00),
(936, 936, 17, 15, 2, 11.00, 22.00),
(937, 937, 15, 123, 2, 9.80, 19.60),
(938, 938, 12, 196, 2, 5.00, 10.00),
(939, 939, 9, 37, 1, 8.50, 8.50),
(940, 940, 8, 243, 1, 2.50, 2.50),
(941, 941, 11, 211, 2, 11.50, 23.00),
(942, 942, 12, 189, 3, 5.00, 15.00),
(943, 943, 3, 96, 1, 12.00, 12.00),
(944, 944, 7, 175, 2, 9.25, 18.50),
(945, 945, 18, 228, 2, 6.75, 13.50),
(946, 946, 3, 3, 1, 12.00, 12.00),
(947, 947, 17, 227, 3, 11.00, 33.00),
(948, 948, 17, 56, 1, 11.00, 11.00),
(949, 949, 20, 103, 3, 21.50, 64.50),
(950, 950, 14, 114, 3, 2.50, 7.50),
(951, 951, 1, 165, 2, 2.50, 5.00),
(952, 952, 2, 10, 3, 4.50, 13.50),
(953, 953, 13, 191, 3, 14.00, 42.00),
(954, 954, 15, 221, 1, 9.80, 9.80),
(955, 955, 6, 100, 3, 7.50, 22.50),
(956, 956, 13, 277, 3, 14.00, 42.00),
(957, 957, 1, 23, 2, 2.50, 5.00),
(958, 958, 13, 277, 1, 14.00, 14.00),
(959, 959, 7, 188, 1, 9.25, 9.25),
(960, 960, 13, 18, 2, 14.00, 28.00),
(961, 961, 5, 218, 2, 3.00, 6.00),
(962, 962, 16, 205, 2, 6.00, 12.00),
(963, 963, 3, 198, 3, 12.00, 36.00),
(964, 964, 13, 160, 3, 14.00, 42.00),
(965, 965, 1, 165, 2, 2.50, 5.00),
(966, 966, 17, 208, 2, 11.00, 22.00),
(967, 967, 8, 271, 2, 2.50, 5.00),
(968, 968, 8, 210, 2, 2.50, 5.00),
(969, 969, 8, 121, 1, 2.50, 2.50),
(970, 970, 12, 185, 1, 5.00, 5.00),
(971, 971, 13, 282, 2, 14.00, 28.00),
(972, 972, 14, 286, 3, 2.50, 7.50),
(973, 973, 11, 29, 2, 11.50, 23.00),
(974, 974, 14, 94, 1, 2.50, 2.50),
(975, 975, 10, 108, 2, 3.75, 7.50),
(976, 976, 1, 23, 3, 2.50, 7.50),
(977, 977, 10, 108, 2, 3.75, 7.50),
(978, 978, 8, 121, 3, 2.50, 7.50),
(979, 979, 17, 87, 3, 11.00, 33.00),
(980, 980, 13, 249, 3, 14.00, 42.00),
(981, 981, 17, 240, 1, 11.00, 11.00),
(982, 982, 2, 80, 1, 4.50, 4.50),
(983, 983, 2, 10, 3, 4.50, 13.50),
(984, 984, 1, 117, 3, 2.50, 7.50),
(985, 985, 16, 47, 3, 6.00, 18.00),
(986, 986, 9, 8, 2, 8.50, 17.00),
(987, 987, 11, 137, 3, 11.50, 34.50),
(988, 988, 1, 91, 3, 2.50, 7.50),
(989, 989, 2, 149, 3, 4.50, 13.50),
(990, 990, 6, 140, 2, 7.50, 15.00),
(991, 991, 3, 274, 3, 12.00, 36.00),
(992, 992, 13, 18, 2, 14.00, 28.00),
(993, 993, 9, 215, 2, 8.50, 17.00),
(994, 994, 13, 25, 2, 14.00, 28.00),
(995, 995, 9, 238, 1, 8.50, 8.50),
(996, 996, 13, 174, 3, 14.00, 42.00),
(997, 997, 13, 258, 2, 14.00, 28.00),
(998, 998, 9, 215, 3, 8.50, 25.50),
(999, 999, 5, 156, 1, 3.00, 3.00),
(1000, 1000, 3, 274, 1, 12.00, 12.00),
(1001, 1001, 12, 263, 1, 5.00, 5.00),
(1002, 1002, 2, 113, 1, 4.50, 4.50),
(1003, 1003, 20, 236, 2, 21.50, 43.00),
(1004, 1004, 2, 112, 1, 4.50, 4.50),
(1005, 1005, 10, 202, 2, 3.75, 7.50),
(1006, 1006, 7, 216, 1, 9.25, 9.25),
(1007, 1007, 3, 209, 1, 12.00, 12.00),
(1008, 1008, 8, 121, 1, 2.50, 2.50),
(1009, 1009, 9, 8, 3, 8.50, 25.50),
(1010, 1010, 7, 216, 1, 9.25, 9.25),
(1011, 1011, 6, 107, 1, 7.50, 7.50),
(1012, 1012, 1, 146, 1, 2.50, 2.50),
(1013, 1013, 12, 189, 3, 5.00, 15.00),
(1014, 1014, 15, 66, 1, 9.80, 9.80),
(1015, 1015, 6, 45, 1, 7.50, 7.50),
(1016, 1016, 15, 264, 1, 9.80, 9.80),
(1017, 1017, 14, 151, 3, 2.50, 7.50),
(1018, 1018, 10, 186, 2, 3.75, 7.50),
(1019, 1019, 17, 43, 3, 11.00, 33.00),
(1020, 1020, 17, 34, 3, 11.00, 33.00),
(1021, 1021, 16, 288, 1, 6.00, 6.00),
(1022, 1022, 9, 168, 1, 8.50, 8.50),
(1023, 1023, 8, 300, 1, 2.50, 2.50),
(1024, 1024, 3, 178, 2, 12.00, 24.00),
(1025, 1025, 13, 130, 3, 14.00, 42.00),
(1026, 1026, 19, 169, 2, 2.25, 4.50),
(1027, 1027, 7, 102, 1, 9.25, 9.25),
(1028, 1028, 18, 284, 2, 6.75, 13.50),
(1029, 1029, 4, 128, 3, 6.50, 19.50),
(1030, 1030, 3, 257, 1, 12.00, 12.00),
(1031, 1031, 15, 123, 3, 9.80, 29.40),
(1032, 1032, 20, 132, 3, 21.50, 64.50),
(1033, 1033, 20, 279, 2, 21.50, 43.00),
(1034, 1034, 17, 87, 2, 11.00, 22.00),
(1035, 1035, 15, 123, 2, 9.80, 19.60),
(1036, 1036, 15, 241, 3, 9.80, 29.40),
(1037, 1037, 17, 12, 2, 11.00, 22.00),
(1038, 1038, 8, 210, 3, 2.50, 7.50),
(1039, 1039, 4, 21, 2, 6.50, 13.00),
(1040, 1040, 8, 63, 2, 2.50, 5.00),
(1041, 1041, 6, 223, 1, 7.50, 7.50),
(1042, 1042, 16, 154, 2, 6.00, 12.00),
(1043, 1043, 8, 121, 3, 2.50, 7.50),
(1044, 1044, 3, 203, 3, 12.00, 36.00),
(1045, 1045, 3, 274, 3, 12.00, 36.00),
(1046, 1046, 8, 300, 3, 2.50, 7.50),
(1047, 1047, 18, 135, 2, 6.75, 13.50),
(1048, 1048, 5, 141, 2, 3.00, 6.00),
(1049, 1049, 17, 62, 3, 11.00, 33.00),
(1050, 1050, 7, 175, 1, 9.25, 9.25),
(1051, 1051, 2, 112, 2, 4.50, 9.00),
(1052, 1052, 14, 94, 1, 2.50, 2.50),
(1053, 1053, 16, 246, 1, 6.00, 6.00),
(1054, 1054, 7, 106, 1, 9.25, 9.25),
(1055, 1055, 10, 202, 1, 3.75, 3.75),
(1056, 1056, 3, 77, 2, 12.00, 24.00),
(1057, 1057, 15, 79, 2, 9.80, 19.60),
(1058, 1058, 18, 32, 2, 6.75, 13.50),
(1059, 1059, 10, 71, 2, 3.75, 7.50),
(1060, 1060, 2, 40, 2, 4.50, 9.00),
(1061, 1061, 17, 212, 1, 11.00, 11.00),
(1062, 1062, 5, 75, 3, 3.00, 9.00),
(1063, 1063, 8, 182, 1, 2.50, 2.50),
(1064, 1064, 6, 100, 2, 7.50, 15.00),
(1065, 1065, 1, 35, 1, 2.50, 2.50),
(1066, 1066, 4, 82, 3, 6.50, 19.50),
(1067, 1067, 16, 246, 3, 6.00, 18.00),
(1068, 1068, 17, 62, 2, 11.00, 22.00),
(1069, 1069, 14, 267, 1, 2.50, 2.50),
(1070, 1070, 9, 183, 3, 8.50, 25.50),
(1071, 1071, 15, 74, 3, 9.80, 29.40),
(1072, 1072, 14, 122, 2, 2.50, 5.00),
(1073, 1073, 4, 204, 1, 6.50, 6.50),
(1074, 1074, 14, 151, 3, 2.50, 7.50),
(1075, 1075, 17, 272, 1, 11.00, 11.00),
(1076, 1076, 11, 92, 3, 11.50, 34.50),
(1077, 1077, 4, 148, 3, 6.50, 19.50),
(1078, 1078, 5, 218, 1, 3.00, 3.00),
(1079, 1079, 17, 212, 1, 11.00, 11.00),
(1080, 1080, 6, 16, 2, 7.50, 15.00),
(1081, 1081, 14, 267, 2, 2.50, 5.00),
(1082, 1082, 9, 215, 3, 8.50, 25.50),
(1083, 1083, 15, 166, 3, 9.80, 29.40),
(1084, 1084, 19, 220, 1, 2.25, 2.25),
(1085, 1085, 15, 289, 2, 9.80, 19.60),
(1086, 1086, 7, 175, 2, 9.25, 18.50),
(1087, 1087, 15, 66, 3, 9.80, 29.40),
(1088, 1088, 5, 36, 3, 3.00, 9.00),
(1089, 1089, 10, 229, 2, 3.75, 7.50),
(1090, 1090, 17, 59, 3, 11.00, 33.00),
(1091, 1091, 18, 254, 3, 6.75, 20.25),
(1092, 1092, 7, 102, 2, 9.25, 18.50),
(1093, 1093, 16, 237, 1, 6.00, 6.00),
(1094, 1094, 4, 128, 3, 6.50, 19.50),
(1095, 1095, 12, 41, 3, 5.00, 15.00),
(1096, 1096, 6, 107, 1, 7.50, 7.50),
(1097, 1097, 1, 146, 1, 2.50, 2.50),
(1098, 1098, 13, 171, 3, 14.00, 42.00),
(1099, 1099, 7, 57, 2, 9.25, 18.50),
(1100, 1100, 5, 269, 3, 3.00, 9.00),
(1101, 1101, 6, 86, 2, 7.50, 15.00),
(1102, 1102, 1, 58, 1, 2.50, 2.50),
(1103, 1103, 2, 40, 1, 4.50, 4.50),
(1104, 1104, 17, 15, 3, 11.00, 33.00),
(1105, 1105, 17, 244, 1, 11.00, 11.00),
(1106, 1106, 13, 53, 3, 14.00, 42.00),
(1107, 1107, 15, 289, 1, 9.80, 9.80),
(1108, 1108, 11, 29, 1, 11.50, 11.50),
(1109, 1109, 17, 34, 2, 11.00, 22.00),
(1110, 1110, 3, 77, 1, 12.00, 12.00),
(1111, 1111, 15, 66, 2, 9.80, 19.60),
(1112, 1112, 4, 291, 1, 6.50, 6.50),
(1113, 1113, 12, 252, 1, 5.00, 5.00),
(1114, 1114, 13, 136, 2, 14.00, 28.00),
(1115, 1115, 1, 176, 3, 2.50, 7.50),
(1116, 1116, 12, 189, 3, 5.00, 15.00),
(1117, 1117, 13, 191, 2, 14.00, 28.00),
(1118, 1118, 17, 244, 1, 11.00, 11.00),
(1119, 1119, 16, 232, 2, 6.00, 12.00),
(1120, 1120, 12, 185, 1, 5.00, 5.00),
(1121, 1121, 6, 293, 1, 7.50, 7.50),
(1122, 1122, 1, 91, 1, 2.50, 2.50),
(1123, 1123, 12, 24, 2, 5.00, 10.00),
(1124, 1124, 13, 136, 3, 14.00, 42.00),
(1125, 1125, 17, 12, 2, 11.00, 22.00),
(1126, 1126, 8, 300, 3, 2.50, 7.50),
(1127, 1127, 17, 212, 3, 11.00, 33.00),
(1128, 1128, 16, 205, 2, 6.00, 12.00),
(1129, 1129, 5, 36, 1, 3.00, 3.00),
(1130, 1130, 5, 230, 1, 3.00, 3.00),
(1131, 1131, 17, 212, 2, 11.00, 22.00),
(1132, 1132, 5, 290, 3, 3.00, 9.00),
(1133, 1133, 1, 23, 2, 2.50, 5.00),
(1134, 1134, 19, 169, 3, 2.25, 6.75),
(1135, 1135, 17, 240, 2, 11.00, 22.00),
(1136, 1136, 8, 243, 1, 2.50, 2.50),
(1137, 1137, 5, 256, 3, 3.00, 9.00),
(1138, 1138, 6, 129, 2, 7.50, 15.00),
(1139, 1139, 18, 134, 2, 6.75, 13.50),
(1140, 1140, 18, 135, 2, 6.75, 13.50),
(1141, 1141, 3, 178, 2, 12.00, 24.00),
(1142, 1142, 16, 237, 2, 6.00, 12.00),
(1143, 1143, 1, 146, 3, 2.50, 7.50),
(1144, 1144, 5, 144, 2, 3.00, 6.00),
(1145, 1145, 5, 294, 3, 3.00, 9.00),
(1146, 1146, 8, 139, 1, 2.50, 2.50),
(1147, 1147, 13, 18, 3, 14.00, 42.00),
(1148, 1148, 3, 248, 2, 12.00, 24.00),
(1149, 1149, 13, 48, 3, 14.00, 42.00),
(1150, 1150, 13, 18, 2, 14.00, 28.00),
(1151, 1151, 10, 186, 2, 3.75, 7.50),
(1152, 1152, 6, 129, 3, 7.50, 22.50),
(1153, 1153, 11, 22, 3, 11.50, 34.50),
(1154, 1154, 5, 75, 2, 3.00, 6.00),
(1155, 1155, 6, 129, 1, 7.50, 7.50),
(1156, 1156, 9, 37, 3, 8.50, 25.50),
(1157, 1157, 19, 192, 1, 2.25, 2.25),
(1158, 1158, 1, 91, 1, 2.50, 2.50),
(1159, 1159, 16, 288, 1, 6.00, 6.00),
(1160, 1160, 5, 75, 2, 3.00, 6.00),
(1161, 1161, 18, 116, 1, 6.75, 6.75),
(1162, 1162, 13, 126, 2, 14.00, 28.00),
(1163, 1163, 9, 28, 3, 8.50, 25.50),
(1164, 1164, 3, 178, 3, 12.00, 36.00),
(1165, 1165, 1, 44, 1, 2.50, 2.50),
(1166, 1166, 20, 250, 2, 21.50, 43.00),
(1167, 1167, 17, 115, 2, 11.00, 22.00),
(1168, 1168, 3, 3, 2, 12.00, 24.00),
(1169, 1169, 17, 115, 2, 11.00, 22.00),
(1170, 1170, 1, 35, 2, 2.50, 5.00),
(1171, 1171, 16, 180, 1, 6.00, 6.00),
(1172, 1172, 7, 222, 1, 9.25, 9.25),
(1173, 1173, 9, 183, 2, 8.50, 17.00),
(1174, 1174, 5, 152, 3, 3.00, 9.00),
(1175, 1175, 1, 35, 1, 2.50, 2.50),
(1176, 1176, 20, 213, 3, 21.50, 64.50),
(1177, 1177, 2, 46, 3, 4.50, 13.50),
(1178, 1178, 6, 107, 3, 7.50, 22.50),
(1179, 1179, 15, 74, 2, 9.80, 19.60),
(1180, 1180, 3, 257, 2, 12.00, 24.00),
(1181, 1181, 17, 115, 2, 11.00, 22.00),
(1182, 1182, 16, 278, 2, 6.00, 12.00),
(1183, 1183, 20, 276, 3, 21.50, 64.50),
(1184, 1184, 11, 92, 3, 11.50, 34.50),
(1185, 1185, 2, 255, 1, 4.50, 4.50),
(1186, 1186, 17, 227, 1, 11.00, 11.00),
(1187, 1187, 14, 214, 3, 2.50, 7.50),
(1188, 1188, 15, 74, 2, 9.80, 19.60),
(1189, 1189, 5, 190, 2, 3.00, 6.00),
(1190, 1190, 11, 72, 3, 11.50, 34.50),
(1191, 1191, 10, 49, 3, 3.75, 11.25),
(1192, 1192, 17, 15, 3, 11.00, 33.00),
(1193, 1193, 4, 118, 1, 6.50, 6.50),
(1194, 1194, 17, 62, 2, 11.00, 22.00),
(1195, 1195, 5, 218, 1, 3.00, 3.00),
(1196, 1196, 6, 129, 1, 7.50, 7.50),
(1197, 1197, 2, 98, 1, 4.50, 4.50),
(1198, 1198, 5, 200, 2, 3.00, 6.00),
(1199, 1199, 9, 37, 2, 8.50, 17.00),
(1200, 1200, 12, 261, 3, 5.00, 15.00),
(1201, 1201, 15, 74, 3, 9.80, 29.40);

-- --------------------------------------------------------

--
-- Estructura de tabla para la tabla `lotes`
--

DROP TABLE IF EXISTS `lotes`;
CREATE TABLE IF NOT EXISTS `lotes` (
  `id_lote` int NOT NULL AUTO_INCREMENT,
  `id_producto` int NOT NULL,
  `codigo_lote` varchar(50) NOT NULL,
  `fecha_vencimiento` date NOT NULL,
  `cantidad` int NOT NULL,
  `precio_compra` decimal(10,2) NOT NULL,
  `estado` enum('Activo','Agotado','Vencido') DEFAULT 'Activo',
  PRIMARY KEY (`id_lote`),
  KEY `id_producto` (`id_producto`)
) ENGINE=MyISAM AUTO_INCREMENT=301 DEFAULT CHARSET=utf8mb4 COLLATE=utf8mb4_0900_ai_ci;

--
-- Volcado de datos para la tabla `lotes`
--

INSERT INTO `lotes` (`id_lote`, `id_producto`, `codigo_lote`, `fecha_vencimiento`, `cantidad`, `precio_compra`, `estado`) VALUES
(1, 7, 'L-9339', '2026-02-26', 43, 6.29, 'Activo'),
(2, 7, 'L-3956', '2026-05-24', 21, 6.25, 'Activo'),
(3, 3, 'L-8646', '2026-08-07', 28, 8.30, 'Activo'),
(4, 10, 'L-5335', '2027-05-30', 80, 2.55, 'Activo'),
(5, 20, 'L-7794', '2026-03-26', 10, 13.26, 'Activo'),
(6, 5, 'L-6577', '2026-04-05', 55, 1.98, 'Activo'),
(7, 17, 'L-2895', '2027-03-07', 73, 6.68, 'Activo'),
(8, 9, 'L-8596', '2027-03-03', 26, 5.49, 'Activo'),
(9, 6, 'L-1752', '2026-10-03', 61, 5.21, 'Activo'),
(10, 2, 'L-4275', '2027-05-11', 54, 2.83, 'Activo'),
(11, 20, 'L-1071', '2026-04-27', 36, 14.13, 'Activo'),
(12, 17, 'L-7423', '2026-01-27', 31, 6.75, 'Activo'),
(13, 8, 'L-5838', '2027-01-24', 61, 1.66, 'Activo'),
(14, 7, 'L-4975', '2027-02-12', 45, 5.67, 'Activo'),
(15, 17, 'L-4390', '2027-04-16', 65, 6.96, 'Activo'),
(16, 6, 'L-7192', '2026-11-18', 28, 4.69, 'Activo'),
(17, 13, 'L-3467', '2026-10-30', 78, 9.68, 'Activo'),
(18, 13, 'L-3560', '2026-12-11', 68, 9.67, 'Activo'),
(19, 18, 'L-3541', '2026-06-16', 83, 4.28, 'Activo'),
(20, 11, 'L-8928', '2027-02-20', 56, 7.89, 'Activo'),
(21, 4, 'L-7419', '2025-12-02', 60, 4.22, 'Activo'),
(22, 11, 'L-6666', '2026-12-05', 57, 7.46, 'Activo'),
(23, 1, 'L-7040', '2027-03-03', 11, 1.54, 'Activo'),
(24, 12, 'L-4499', '2027-03-10', 77, 3.18, 'Activo'),
(25, 13, 'L-5551', '2026-09-07', 14, 8.86, 'Activo'),
(26, 15, 'L-2545', '2026-10-22', 34, 6.61, 'Activo'),
(27, 16, 'L-3514', '2026-07-16', 79, 4.19, 'Activo'),
(28, 9, 'L-2354', '2026-10-29', 67, 5.70, 'Activo'),
(29, 11, 'L-8873', '2027-04-07', 13, 7.85, 'Activo'),
(30, 4, 'L-1591', '2026-10-10', 64, 4.28, 'Activo'),
(31, 9, 'L-8382', '2025-12-12', 22, 5.10, 'Activo'),
(32, 18, 'L-4998', '2027-01-05', 89, 4.61, 'Activo'),
(33, 19, 'L-8694', '2026-06-25', 17, 1.49, 'Activo'),
(34, 17, 'L-9623', '2026-05-13', 88, 6.76, 'Activo'),
(35, 1, 'L-6241', '2027-04-07', 75, 1.50, 'Activo'),
(36, 5, 'L-3496', '2026-03-19', 30, 1.91, 'Activo'),
(37, 9, 'L-1087', '2026-08-15', 32, 5.25, 'Activo'),
(38, 12, 'L-5637', '2026-03-24', 20, 3.39, 'Activo'),
(39, 1, 'L-6331', '2026-10-09', 87, 1.61, 'Activo'),
(40, 2, 'L-9818', '2026-04-04', 64, 2.79, 'Activo'),
(41, 12, 'L-3746', '2025-10-27', 24, 3.08, 'Activo'),
(42, 11, 'L-1974', '2026-04-20', 76, 7.76, 'Activo'),
(43, 17, 'L-5370', '2026-01-25', 33, 6.70, 'Activo'),
(44, 1, 'L-2454', '2026-02-08', 54, 1.63, 'Activo'),
(45, 6, 'L-7682', '2026-04-14', 88, 4.85, 'Activo'),
(46, 2, 'L-2178', '2026-08-19', 84, 2.87, 'Activo'),
(47, 16, 'L-1552', '2027-01-07', 24, 3.91, 'Activo'),
(48, 13, 'L-1663', '2027-03-06', 59, 8.65, 'Activo'),
(49, 10, 'L-2827', '2026-12-31', 91, 2.41, 'Activo'),
(50, 7, 'L-4632', '2026-10-12', 57, 6.30, 'Activo'),
(51, 18, 'L-4116', '2027-05-12', 79, 4.22, 'Activo'),
(52, 14, 'L-8710', '2026-07-06', 84, 1.57, 'Activo'),
(53, 13, 'L-5220', '2026-05-13', 27, 9.80, 'Activo'),
(54, 11, 'L-2642', '2026-01-19', 41, 7.19, 'Activo'),
(55, 6, 'L-7416', '2026-11-01', 67, 4.73, 'Activo'),
(56, 17, 'L-7745', '2025-12-21', 86, 7.57, 'Activo'),
(57, 7, 'L-8526', '2026-12-09', 77, 6.32, 'Activo'),
(58, 1, 'L-9892', '2026-05-15', 66, 1.72, 'Activo'),
(59, 17, 'L-5265', '2027-04-28', 74, 7.49, 'Activo'),
(60, 15, 'L-9184', '2027-03-21', 12, 6.10, 'Activo'),
(61, 13, 'L-1814', '2027-02-25', 71, 9.16, 'Activo'),
(62, 17, 'L-3277', '2026-04-04', 0, 7.33, 'Agotado'),
(63, 8, 'L-6759', '2026-02-09', 59, 1.67, 'Activo'),
(64, 8, 'L-1048', '2025-11-12', 75, 1.67, 'Activo'),
(65, 18, 'L-4687', '2025-12-09', 49, 4.72, 'Activo'),
(66, 15, 'L-7864', '2025-12-28', 40, 6.43, 'Activo'),
(67, 5, 'L-2814', '2025-11-26', 64, 1.99, 'Activo'),
(68, 19, 'L-6382', '2026-07-27', 59, 1.54, 'Activo'),
(69, 18, 'L-2289', '2026-12-31', 18, 4.50, 'Activo'),
(70, 10, 'L-3707', '2027-05-25', 58, 2.32, 'Activo'),
(71, 10, 'L-3091', '2027-06-01', 65, 2.27, 'Activo'),
(72, 11, 'L-6152', '2027-04-03', 26, 7.66, 'Activo'),
(73, 5, 'L-5404', '2026-07-27', 39, 2.00, 'Activo'),
(74, 15, 'L-4048', '2025-12-31', 73, 6.07, 'Activo'),
(75, 5, 'L-7679', '2026-10-14', 12, 1.81, 'Activo'),
(76, 15, 'L-6488', '2027-03-09', 35, 5.95, 'Activo'),
(77, 3, 'L-9305', '2026-11-01', 65, 8.39, 'Activo'),
(78, 4, 'L-1049', '2026-07-21', 24, 4.46, 'Activo'),
(79, 15, 'L-5017', '2026-09-18', 79, 6.10, 'Activo'),
(80, 2, 'L-8593', '2026-04-17', 76, 2.84, 'Activo'),
(81, 14, 'L-9570', '2027-01-15', 11, 1.50, 'Activo'),
(82, 4, 'L-4088', '2025-10-25', 91, 4.05, 'Activo'),
(83, 18, 'L-5362', '2026-06-25', 40, 4.28, 'Activo'),
(84, 10, 'L-3175', '2026-05-03', 71, 2.36, 'Activo'),
(85, 5, 'L-8212', '2026-05-08', 77, 1.87, 'Activo'),
(86, 6, 'L-7071', '2026-09-13', 38, 5.21, 'Activo'),
(87, 17, 'L-1435', '2026-05-04', 17, 6.93, 'Activo'),
(88, 3, 'L-5984', '2026-06-12', 57, 7.75, 'Activo'),
(89, 11, 'L-2919', '2027-06-02', 34, 7.31, 'Activo'),
(90, 18, 'L-6485', '2027-03-18', 72, 4.54, 'Activo'),
(91, 1, 'L-6244', '2026-07-29', 15, 1.54, 'Activo'),
(92, 11, 'L-6276', '2026-10-06', 35, 7.03, 'Activo'),
(93, 8, 'L-3743', '2026-06-28', 60, 1.51, 'Activo'),
(94, 14, 'L-7261', '2026-12-11', 80, 1.56, 'Activo'),
(95, 12, 'L-7305', '2027-05-04', 63, 3.26, 'Activo'),
(96, 3, 'L-6072', '2026-02-27', 34, 8.24, 'Activo'),
(97, 6, 'L-7132', '2027-01-22', 63, 4.91, 'Activo'),
(98, 2, 'L-1763', '2026-06-11', 65, 2.70, 'Activo'),
(99, 14, 'L-5421', '2026-11-14', 46, 1.73, 'Activo'),
(100, 6, 'L-7104', '2025-12-06', 66, 5.08, 'Activo'),
(101, 7, 'L-8441', '2026-11-30', 68, 6.31, 'Activo'),
(102, 7, 'L-1662', '2025-10-21', 93, 6.28, 'Activo'),
(103, 20, 'L-3208', '2027-05-09', 44, 13.10, 'Activo'),
(104, 11, 'L-3137', '2027-05-08', 56, 7.38, 'Activo'),
(105, 20, 'L-9743', '2027-04-26', 85, 13.57, 'Activo'),
(106, 7, 'L-1577', '2026-06-05', 73, 6.15, 'Activo'),
(107, 6, 'L-9959', '2027-04-02', 37, 4.52, 'Activo'),
(108, 10, 'L-5596', '2027-05-06', 43, 2.45, 'Activo'),
(109, 15, 'L-7625', '2026-04-19', 57, 6.33, 'Activo'),
(110, 13, 'L-7210', '2026-08-27', 48, 9.30, 'Activo'),
(111, 12, 'L-4956', '2026-02-25', 31, 3.33, 'Activo'),
(112, 2, 'L-7143', '2026-08-02', 29, 2.99, 'Activo'),
(113, 2, 'L-8313', '2026-08-19', 81, 3.08, 'Activo'),
(114, 14, 'L-4093', '2025-11-10', 33, 1.72, 'Activo'),
(115, 17, 'L-2198', '2027-04-27', 46, 7.60, 'Activo'),
(116, 18, 'L-9129', '2025-10-17', 24, 4.62, 'Activo'),
(117, 1, 'L-2207', '2026-04-17', 70, 1.61, 'Activo'),
(118, 4, 'L-5126', '2026-08-20', 82, 4.29, 'Activo'),
(119, 18, 'L-5290', '2026-08-08', 26, 4.70, 'Activo'),
(120, 12, 'L-7495', '2026-04-12', 77, 3.22, 'Activo'),
(121, 8, 'L-9912', '2025-11-25', 43, 1.57, 'Activo'),
(122, 14, 'L-6668', '2027-01-28', 71, 1.70, 'Activo'),
(123, 15, 'L-5662', '2026-10-07', 75, 6.86, 'Activo'),
(124, 9, 'L-5938', '2026-04-30', 89, 5.50, 'Activo'),
(125, 19, 'L-8883', '2026-07-01', 39, 1.57, 'Activo'),
(126, 13, 'L-8473', '2025-12-22', 49, 9.35, 'Activo'),
(127, 9, 'L-6695', '2026-05-02', 6, 5.90, 'Activo'),
(128, 4, 'L-2051', '2027-02-18', 47, 4.50, 'Activo'),
(129, 6, 'L-7081', '2026-04-26', 12, 4.77, 'Activo'),
(130, 13, 'L-9341', '2026-10-27', 33, 8.87, 'Activo'),
(131, 19, 'L-9303', '2026-01-21', 69, 1.53, 'Activo'),
(132, 20, 'L-5200', '2026-02-08', 59, 13.00, 'Activo'),
(133, 16, 'L-4189', '2026-12-08', 28, 3.82, 'Activo'),
(134, 18, 'L-4159', '2026-10-20', 15, 4.53, 'Activo'),
(135, 18, 'L-4573', '2026-02-16', 85, 4.23, 'Activo'),
(136, 13, 'L-2386', '2027-05-18', 33, 9.24, 'Activo'),
(137, 11, 'L-2694', '2026-09-02', 32, 7.82, 'Activo'),
(138, 15, 'L-1493', '2026-09-09', 79, 6.77, 'Activo'),
(139, 8, 'L-2911', '2025-12-08', 47, 1.66, 'Activo'),
(140, 6, 'L-4175', '2026-12-11', 49, 4.52, 'Activo'),
(141, 5, 'L-4652', '2026-07-25', 30, 1.86, 'Activo'),
(142, 3, 'L-1165', '2027-02-25', 47, 7.71, 'Activo'),
(143, 10, 'L-5398', '2026-10-06', 22, 2.61, 'Activo'),
(144, 5, 'L-3658', '2026-07-30', 69, 2.00, 'Activo'),
(145, 4, 'L-7405', '2026-02-06', 31, 4.20, 'Activo'),
(146, 1, 'L-2716', '2026-09-30', 56, 1.70, 'Activo'),
(147, 10, 'L-4813', '2026-01-31', 49, 2.62, 'Activo'),
(148, 4, 'L-4936', '2026-12-11', 15, 4.22, 'Activo'),
(149, 2, 'L-6615', '2027-03-08', 39, 2.74, 'Activo'),
(150, 9, 'L-8614', '2025-11-22', 54, 5.15, 'Activo'),
(151, 14, 'L-9069', '2026-03-18', 83, 1.69, 'Activo'),
(152, 5, 'L-3115', '2025-10-25', 42, 1.82, 'Activo'),
(153, 13, 'L-7111', '2026-12-03', 76, 8.73, 'Activo'),
(154, 16, 'L-1697', '2027-02-05', 24, 3.72, 'Activo'),
(155, 13, 'L-4818', '2027-03-19', 25, 9.45, 'Activo'),
(156, 5, 'L-4345', '2026-12-01', 22, 2.02, 'Activo'),
(157, 17, 'L-9421', '2026-04-13', 78, 7.11, 'Activo'),
(158, 6, 'L-1961', '2025-10-22', 63, 4.63, 'Activo'),
(159, 10, 'L-6645', '2026-12-09', 70, 2.30, 'Activo'),
(160, 13, 'L-7580', '2026-12-05', 58, 9.32, 'Activo'),
(161, 6, 'L-8172', '2027-02-01', 31, 4.55, 'Activo'),
(162, 2, 'L-3320', '2026-01-19', 66, 2.72, 'Activo'),
(163, 14, 'L-4299', '2027-05-13', 83, 1.74, 'Activo'),
(164, 13, 'L-1967', '2026-08-08', 25, 9.35, 'Activo'),
(165, 1, 'L-4511', '2025-12-10', 70, 1.74, 'Activo'),
(166, 15, 'L-9389', '2027-03-31', 33, 6.79, 'Activo'),
(167, 5, 'L-7931', '2026-04-03', 53, 2.06, 'Activo'),
(168, 9, 'L-3258', '2027-01-16', 63, 5.81, 'Activo'),
(169, 19, 'L-1860', '2026-07-05', 22, 1.43, 'Activo'),
(170, 4, 'L-2258', '2026-10-28', 53, 4.35, 'Activo'),
(171, 13, 'L-4669', '2027-01-12', 19, 9.47, 'Activo'),
(172, 11, 'L-6929', '2026-03-08', 29, 7.69, 'Activo'),
(173, 10, 'L-6686', '2026-10-27', 91, 2.44, 'Activo'),
(174, 13, 'L-9734', '2026-09-16', 1, 9.00, 'Activo'),
(175, 7, 'L-4675', '2027-03-10', 76, 5.92, 'Activo'),
(176, 1, 'L-3783', '2025-11-15', 81, 1.54, 'Activo'),
(177, 17, 'L-1847', '2027-01-08', 48, 7.60, 'Activo'),
(178, 3, 'L-5613', '2026-05-14', 15, 7.69, 'Activo'),
(179, 18, 'L-7871', '2026-11-23', 32, 4.53, 'Activo'),
(180, 16, 'L-3593', '2026-08-25', 84, 4.18, 'Activo'),
(181, 16, 'L-6061', '2026-02-03', 59, 3.73, 'Activo'),
(182, 8, 'L-2789', '2027-01-23', 29, 1.69, 'Activo'),
(183, 9, 'L-1209', '2026-03-20', 30, 5.91, 'Activo'),
(184, 9, 'L-1501', '2027-04-20', 63, 5.77, 'Activo'),
(185, 12, 'L-4014', '2025-12-11', 36, 3.43, 'Activo'),
(186, 10, 'L-1298', '2026-09-04', 35, 2.33, 'Activo'),
(187, 15, 'L-9988', '2026-12-17', 74, 6.30, 'Activo'),
(188, 7, 'L-4448', '2026-08-16', 56, 6.29, 'Activo'),
(189, 12, 'L-7377', '2026-11-07', 45, 3.15, 'Activo'),
(190, 5, 'L-3500', '2026-03-31', 20, 2.01, 'Activo'),
(191, 13, 'L-9878', '2026-06-26', 58, 8.64, 'Activo'),
(192, 19, 'L-7241', '2025-10-27', 23, 1.53, 'Activo'),
(193, 4, 'L-9506', '2025-12-02', 57, 4.47, 'Activo'),
(194, 12, 'L-8628', '2026-02-04', 73, 3.01, 'Activo'),
(195, 15, 'L-6504', '2027-05-01', 95, 6.57, 'Activo'),
(196, 12, 'L-7192', '2025-11-22', 11, 3.40, 'Activo'),
(197, 17, 'L-6080', '2026-11-30', 85, 6.65, 'Activo'),
(198, 3, 'L-3616', '2026-07-17', 11, 8.00, 'Activo'),
(199, 8, 'L-9791', '2026-10-16', 76, 1.61, 'Activo'),
(200, 5, 'L-8613', '2026-12-19', 30, 1.95, 'Activo'),
(201, 18, 'L-4522', '2026-05-08', 54, 4.41, 'Activo'),
(202, 10, 'L-5025', '2025-12-22', 9, 2.52, 'Activo'),
(203, 3, 'L-8822', '2027-02-18', 47, 8.21, 'Activo'),
(204, 4, 'L-3154', '2026-06-10', 46, 4.07, 'Activo'),
(205, 16, 'L-4528', '2027-05-11', 91, 4.00, 'Activo'),
(206, 15, 'L-1096', '2026-04-21', 91, 6.45, 'Activo'),
(207, 20, 'L-1245', '2026-11-09', 53, 13.97, 'Activo'),
(208, 17, 'L-3430', '2026-04-05', 15, 6.99, 'Activo'),
(209, 3, 'L-7556', '2026-10-27', 28, 8.01, 'Activo'),
(210, 8, 'L-8349', '2026-09-09', 78, 1.71, 'Activo'),
(211, 11, 'L-8373', '2026-01-03', 60, 8.04, 'Activo'),
(212, 17, 'L-9596', '2026-09-10', 29, 7.42, 'Activo'),
(213, 20, 'L-2634', '2027-02-28', 73, 13.67, 'Activo'),
(214, 14, 'L-6344', '2026-09-30', 10, 1.53, 'Activo'),
(215, 9, 'L-4802', '2026-06-21', 9, 5.86, 'Activo'),
(216, 7, 'L-6987', '2026-11-13', 66, 6.07, 'Activo'),
(217, 14, 'L-8008', '2026-07-27', 80, 1.70, 'Activo'),
(218, 5, 'L-5256', '2026-10-01', 62, 2.08, 'Activo'),
(219, 4, 'L-4150', '2025-12-28', 69, 4.47, 'Activo'),
(220, 19, 'L-5461', '2026-07-24', 36, 1.50, 'Activo'),
(221, 15, 'L-7510', '2026-02-10', 59, 6.02, 'Activo'),
(222, 7, 'L-4486', '2026-09-18', 48, 5.67, 'Activo'),
(223, 6, 'L-7579', '2027-03-09', 13, 4.95, 'Activo'),
(224, 2, 'L-2526', '2027-02-10', 61, 2.71, 'Activo'),
(225, 2, 'L-8147', '2027-05-10', 30, 3.00, 'Activo'),
(226, 13, 'L-7970', '2027-04-26', 49, 9.77, 'Activo'),
(227, 17, 'L-5418', '2026-03-30', 12, 7.40, 'Activo'),
(228, 18, 'L-5969', '2026-03-09', 71, 4.17, 'Activo'),
(229, 10, 'L-5253', '2025-12-30', 40, 2.53, 'Activo'),
(230, 5, 'L-3428', '2027-02-18', 36, 2.05, 'Activo'),
(231, 18, 'L-3729', '2027-05-29', 37, 4.62, 'Activo'),
(232, 16, 'L-5383', '2026-08-07', 64, 3.99, 'Activo'),
(233, 16, 'L-9517', '2025-12-30', 56, 3.92, 'Activo'),
(234, 7, 'L-7770', '2025-12-29', 48, 5.75, 'Activo'),
(235, 19, 'L-2186', '2026-02-01', 49, 1.46, 'Activo'),
(236, 20, 'L-7115', '2026-07-11', 64, 13.58, 'Activo'),
(237, 16, 'L-3472', '2026-11-03', 29, 3.75, 'Activo'),
(238, 9, 'L-7960', '2026-04-29', 76, 5.82, 'Activo'),
(239, 7, 'L-7936', '2027-04-28', 35, 5.83, 'Activo'),
(240, 17, 'L-4691', '2026-05-27', 68, 7.58, 'Activo'),
(241, 15, 'L-4006', '2025-10-29', 21, 6.42, 'Activo'),
(242, 1, 'L-4845', '2025-10-23', 51, 1.59, 'Activo'),
(243, 8, 'L-9346', '2025-11-24', 68, 1.55, 'Activo'),
(244, 17, 'L-5782', '2026-11-17', 47, 7.70, 'Activo'),
(245, 17, 'L-8330', '2025-11-25', 91, 6.97, 'Activo'),
(246, 16, 'L-1345', '2026-09-20', 40, 4.13, 'Activo'),
(247, 14, 'L-6261', '2027-02-14', 29, 1.51, 'Activo'),
(248, 3, 'L-6716', '2026-04-20', 80, 7.55, 'Activo'),
(249, 13, 'L-3004', '2025-12-03', 69, 9.35, 'Activo'),
(250, 20, 'L-2224', '2026-01-25', 35, 14.70, 'Activo'),
(251, 9, 'L-6578', '2025-11-14', 67, 5.68, 'Activo'),
(252, 12, 'L-2063', '2026-08-29', 27, 3.18, 'Activo'),
(253, 4, 'L-6410', '2027-01-22', 91, 3.95, 'Activo'),
(254, 18, 'L-6150', '2026-11-14', 74, 4.32, 'Activo'),
(255, 2, 'L-9070', '2026-01-28', 85, 2.75, 'Activo'),
(256, 5, 'L-8956', '2027-02-11', 44, 1.86, 'Activo'),
(257, 3, 'L-4873', '2027-04-16', 44, 8.10, 'Activo'),
(258, 13, 'L-7599', '2026-04-04', 78, 9.05, 'Activo'),
(259, 10, 'L-2153', '2025-12-03', 19, 2.57, 'Activo'),
(260, 19, 'L-2194', '2026-01-10', 53, 1.46, 'Activo'),
(261, 12, 'L-7051', '2027-04-14', 44, 3.08, 'Activo'),
(262, 9, 'L-7813', '2026-04-12', 67, 5.24, 'Activo'),
(263, 12, 'L-9432', '2026-07-15', 18, 3.04, 'Activo'),
(264, 15, 'L-3410', '2025-10-28', 33, 6.31, 'Activo'),
(265, 11, 'L-8406', '2026-04-28', 27, 7.20, 'Activo'),
(266, 8, 'L-9990', '2026-04-11', 92, 1.64, 'Activo'),
(267, 14, 'L-9064', '2025-11-21', 41, 1.70, 'Activo'),
(268, 3, 'L-1014', '2026-02-19', 91, 7.92, 'Activo'),
(269, 5, 'L-2971', '2026-02-10', 61, 1.99, 'Activo'),
(270, 5, 'L-2012', '2026-11-04', 85, 2.09, 'Activo'),
(271, 8, 'L-3984', '2025-11-18', 9, 1.72, 'Activo'),
(272, 17, 'L-8358', '2026-11-19', 30, 7.12, 'Activo'),
(273, 19, 'L-4131', '2026-10-19', 89, 1.36, 'Activo'),
(274, 3, 'L-5340', '2026-10-28', 14, 8.31, 'Activo'),
(275, 5, 'L-9431', '2026-04-09', 74, 2.04, 'Activo'),
(276, 20, 'L-1439', '2026-12-31', 52, 13.98, 'Activo'),
(277, 13, 'L-7408', '2027-05-24', 41, 8.67, 'Activo'),
(278, 16, 'L-7975', '2027-03-31', 17, 4.20, 'Activo'),
(279, 20, 'L-6206', '2026-02-09', 15, 14.12, 'Activo'),
(280, 14, 'L-3673', '2026-03-08', 28, 1.69, 'Activo'),
(281, 5, 'L-4654', '2027-01-25', 38, 1.83, 'Activo'),
(282, 13, 'L-7734', '2026-08-31', 41, 9.43, 'Activo'),
(283, 19, 'L-2244', '2026-09-30', 44, 1.36, 'Activo'),
(284, 18, 'L-6461', '2026-09-21', 46, 4.61, 'Activo'),
(285, 6, 'L-1114', '2026-12-10', 39, 5.09, 'Activo'),
(286, 14, 'L-8435', '2027-02-06', 43, 1.69, 'Activo'),
(287, 18, 'L-8056', '2026-01-19', 24, 4.22, 'Activo'),
(288, 16, 'L-5146', '2025-11-25', 51, 4.05, 'Activo'),
(289, 15, 'L-9196', '2026-09-02', 18, 5.89, 'Activo'),
(290, 5, 'L-2148', '2025-10-22', 83, 1.86, 'Activo'),
(291, 4, 'L-9821', '2026-08-25', 66, 4.42, 'Activo'),
(292, 14, 'L-1932', '2026-01-05', 94, 1.70, 'Activo'),
(293, 6, 'L-6601', '2027-03-08', 70, 5.07, 'Activo'),
(294, 5, 'L-4404', '2026-02-17', 56, 1.87, 'Activo'),
(295, 2, 'L-6288', '2027-03-07', 85, 2.71, 'Activo'),
(296, 20, 'L-3781', '2026-07-28', 61, 12.95, 'Activo'),
(297, 3, 'L-7843', '2027-05-28', 58, 7.53, 'Activo'),
(298, 9, 'L-1250', '2026-03-17', 37, 5.92, 'Activo'),
(299, 4, 'L-6292', '2026-09-28', 53, 4.41, 'Activo'),
(300, 8, 'L-8809', '2026-06-26', 77, 1.58, 'Activo');

-- --------------------------------------------------------

--
-- Estructura de tabla para la tabla `mermas`
--

DROP TABLE IF EXISTS `mermas`;
CREATE TABLE IF NOT EXISTS `mermas` (
  `id_merma` int NOT NULL AUTO_INCREMENT,
  `id_lote` int NOT NULL,
  `cantidad` int NOT NULL,
  `motivo` enum('Vencimiento','Daño','Robo') NOT NULL,
  `fecha_registro` datetime DEFAULT CURRENT_TIMESTAMP,
  PRIMARY KEY (`id_merma`),
  KEY `id_lote` (`id_lote`)
) ENGINE=MyISAM DEFAULT CHARSET=utf8mb4 COLLATE=utf8mb4_0900_ai_ci;

-- --------------------------------------------------------

--
-- Estructura de tabla para la tabla `productos`
--

DROP TABLE IF EXISTS `productos`;
CREATE TABLE IF NOT EXISTS `productos` (
  `id_producto` int NOT NULL AUTO_INCREMENT,
  `codigo_barras` varchar(50) NOT NULL,
  `nombre` varchar(100) NOT NULL,
  `descripcion` text,
  `unidad_medida` varchar(20) NOT NULL,
  `stock_minimo` int DEFAULT '10',
  `precio_venta` decimal(10,2) NOT NULL,
  `tiene_receta` tinyint(1) DEFAULT '0',
  `stock_total` int DEFAULT '0',
  PRIMARY KEY (`id_producto`),
  UNIQUE KEY `codigo_barras` (`codigo_barras`)
) ENGINE=MyISAM AUTO_INCREMENT=21 DEFAULT CHARSET=utf8mb4 COLLATE=utf8mb4_0900_ai_ci;

--
-- Volcado de datos para la tabla `productos`
--

INSERT INTO `productos` (`id_producto`, `codigo_barras`, `nombre`, `descripcion`, `unidad_medida`, `stock_minimo`, `precio_venta`, `tiene_receta`, `stock_total`) VALUES
(1, '78610001', 'Umbral 500mg (Paracetamol)', 'Analgesico/Fiebre - Laboratorios LIFE', 'Caja x 20', 30, 2.50, 0, 636),
(2, '78610002', 'Buprex Forte 400mg', 'Ibuprofeno potente (Analgesico)', 'Caja x 10', 20, 4.50, 0, 819),
(3, '78610003', 'Amoxil 500mg', 'Antibiótico amplio espectro', 'Caja x 21', 15, 12.00, 1, 620),
(4, '78610004', 'Degraler 10mg', 'Antialérgico (Loratadina +)', 'Caja x 10', 20, 6.50, 0, 849),
(5, '78610005', 'Finalín Forte', 'Dolor de cabeza severo', 'Caja x 20', 25, 3.00, 0, 1082),
(6, '78610006', 'Redoxon Total', 'Vitamina C + Zinc Efervescente', 'Tubo x 10', 15, 7.50, 0, 725),
(7, '78610007', 'Voltaren Emulgel', 'Dolor muscular y golpes', 'Tubo 60g', 10, 9.25, 0, 806),
(8, '78610008', 'Alcohol Potable 70%', 'Desinfectante Zole', 'Litro', 40, 2.50, 0, 774),
(9, '78610009', 'Eutirox 50mcg', 'Levotiroxina (Tiroides)', 'Caja x 50', 10, 8.50, 1, 708),
(10, '78610010', 'Suero Oral Pedialyte', 'Hidratación sabor Uva 500ml', 'Botella', 20, 3.75, 0, 743),
(11, '78610011', 'Apronax 550mg', 'Naproxeno Sódico (Inflamación)', 'Caja x 20', 15, 11.50, 0, 542),
(12, '78610012', 'Losartán MK 50mg', 'Presión arterial (Genérico)', 'Caja x 30', 20, 5.00, 1, 546),
(13, '78610013', 'Glucophage 850mg', 'Metformina (Diabetes)', 'Caja x 30', 15, 14.00, 1, 1020),
(14, '78610014', 'Neurobión', 'Inyección Vitamina B (Dolor)', 'Ampolla', 30, 2.50, 0, 816),
(15, '78610015', 'Abrilar Jarabe', 'Expectorante natural', 'Frasco 100ml', 15, 9.80, 0, 908),
(16, '78610016', 'Plidan Compuesto', 'Dolor estomacal / Cólicos', 'Caja x 20', 15, 6.00, 0, 646),
(17, '78610017', 'Enterogermina', 'Flora intestinal (Ampollas bebibles)', 'Caja x 10', 12, 11.00, 0, 1016),
(18, '78610018', 'Lamisil Crema', 'Hongos en la piel', 'Tubo 15g', 10, 6.75, 0, 918),
(19, '78610019', 'Aspirina 100mg', 'Preventivo cardiaco', 'Caja x 28', 25, 2.25, 0, 500),
(20, '78610020', 'Ensure Advance', 'Suplemento nutricional Vainilla', 'Lata 400g', 8, 21.50, 0, 587);

-- --------------------------------------------------------

--
-- Estructura de tabla para la tabla `proveedores`
--

DROP TABLE IF EXISTS `proveedores`;
CREATE TABLE IF NOT EXISTS `proveedores` (
  `id_proveedor` int NOT NULL AUTO_INCREMENT,
  `nombre_empresa` varchar(100) NOT NULL,
  `ruc_nit` varchar(20) DEFAULT NULL,
  `contacto` varchar(50) DEFAULT NULL,
  `telefono` varchar(20) DEFAULT NULL,
  PRIMARY KEY (`id_proveedor`)
) ENGINE=MyISAM AUTO_INCREMENT=6 DEFAULT CHARSET=utf8mb4 COLLATE=utf8mb4_0900_ai_ci;

--
-- Volcado de datos para la tabla `proveedores`
--

INSERT INTO `proveedores` (`id_proveedor`, `nombre_empresa`, `ruc_nit`, `contacto`, `telefono`) VALUES
(1, 'GRUPO DIFARE S.A.', '0990004196001', 'Ing. Carlos Vera', '042555555'),
(2, 'QUIFATEX S.A.', '1790011678001', 'Dra. Lucia Torres', '022444444'),
(3, 'LETERAGO DEL ECUADOR', '1790022334001', 'Luis Chiliquinga', '022333333'),
(4, 'LABORATORIOS LIFE', '1790044556001', 'Sofia Benalcázar', '022888888'),
(5, 'ECUAPRIMARTS', '0991112223001', 'Pedro Moncayo', '042777777');

-- --------------------------------------------------------

--
-- Estructura de tabla para la tabla `usuarios`
--

DROP TABLE IF EXISTS `usuarios`;
CREATE TABLE IF NOT EXISTS `usuarios` (
  `id_usuario` int NOT NULL AUTO_INCREMENT,
  `nombre_completo` varchar(100) NOT NULL,
  `username` varchar(50) NOT NULL,
  `password` varchar(255) NOT NULL,
  `rol` enum('Administrador','Farmaceutico') NOT NULL,
  `estado` tinyint(1) DEFAULT '1',
  PRIMARY KEY (`id_usuario`),
  UNIQUE KEY `username` (`username`)
) ENGINE=MyISAM AUTO_INCREMENT=5 DEFAULT CHARSET=utf8mb4 COLLATE=utf8mb4_0900_ai_ci;

--
-- Volcado de datos para la tabla `usuarios`
--

INSERT INTO `usuarios` (`id_usuario`, `nombre_completo`, `username`, `password`, `rol`, `estado`) VALUES
(1, 'Edison Méndez', 'admin', '1234', 'Administrador', 1),
(2, 'María Fernanda Solís', 'mafer', '1234', 'Farmaceutico', 1),
(3, 'Juan Carlos Loor', 'juan', '1234', 'Farmaceutico', 1),
(4, 'Dayana Vera', 'dayana', '1234', 'Farmaceutico', 1);

-- --------------------------------------------------------

--
-- Estructura de tabla para la tabla `ventas`
--

DROP TABLE IF EXISTS `ventas`;
CREATE TABLE IF NOT EXISTS `ventas` (
  `id_venta` int NOT NULL AUTO_INCREMENT,
  `id_usuario` int NOT NULL,
  `cliente_nombre` varchar(100) DEFAULT 'Consumidor Final',
  `fecha_venta` datetime DEFAULT CURRENT_TIMESTAMP,
  `total` decimal(10,2) NOT NULL,
  PRIMARY KEY (`id_venta`),
  KEY `id_usuario` (`id_usuario`)
) ENGINE=MyISAM AUTO_INCREMENT=1202 DEFAULT CHARSET=utf8mb4 COLLATE=utf8mb4_0900_ai_ci;

--
-- Volcado de datos para la tabla `ventas`
--

INSERT INTO `ventas` (`id_venta`, `id_usuario`, `cliente_nombre`, `fecha_venta`, `total`) VALUES
(1, 4, 'Consumidor Final', '2025-04-08 19:04:21', 0.00),
(2, 3, 'Consumidor Final', '2025-09-05 19:06:06', 14.00),
(3, 4, 'Consumidor Final', '2025-01-26 19:06:06', 3.00),
(4, 3, 'Consumidor Final', '2025-10-15 19:06:06', 29.40),
(5, 1, 'Consumidor Final', '2025-01-25 19:06:06', 15.00),
(6, 2, 'Consumidor Final', '2025-08-20 19:06:06', 13.00),
(7, 1, 'Consumidor Final', '2025-09-04 19:06:06', 6.00),
(8, 2, 'Consumidor Final', '2025-02-04 19:06:06', 18.50),
(9, 3, 'Consumidor Final', '2025-01-23 19:06:06', 3.75),
(10, 3, 'Consumidor Final', '2025-03-26 19:06:06', 21.50),
(11, 4, 'Consumidor Final', '2025-01-31 19:06:06', 24.00),
(12, 2, 'Consumidor Final', '2025-06-11 19:06:06', 11.50),
(13, 4, 'Consumidor Final', '2025-01-10 19:06:06', 4.50),
(14, 3, 'Consumidor Final', '2025-04-26 19:06:06', 21.50),
(15, 1, 'Consumidor Final', '2025-06-23 19:06:06', 33.00),
(16, 1, 'Consumidor Final', '2025-04-22 19:06:06', 23.00),
(17, 1, 'Consumidor Final', '2025-09-04 19:06:06', 7.50),
(18, 3, 'Consumidor Final', '2025-06-28 19:06:06', 23.00),
(19, 2, 'Consumidor Final', '2025-11-29 19:06:06', 12.00),
(20, 4, 'Consumidor Final', '2025-10-20 19:06:06', 33.00),
(21, 1, 'Consumidor Final', '2025-11-26 19:06:06', 18.00),
(22, 4, 'Consumidor Final', '2024-12-30 19:06:06', 12.00),
(23, 3, 'Consumidor Final', '2025-11-20 19:06:06', 27.75),
(24, 4, 'Consumidor Final', '2025-05-07 19:06:06', 7.50),
(25, 2, 'Consumidor Final', '2025-11-09 19:06:06', 33.00),
(26, 1, 'Consumidor Final', '2025-07-02 19:06:06', 6.00),
(27, 2, 'Consumidor Final', '2025-11-09 19:06:06', 33.00),
(28, 2, 'Consumidor Final', '2025-06-10 19:06:06', 14.00),
(29, 4, 'Consumidor Final', '2025-05-30 19:06:06', 9.25),
(30, 4, 'Consumidor Final', '2025-04-13 19:06:06', 7.50),
(31, 3, 'Consumidor Final', '2025-04-17 19:06:06', 15.00),
(32, 3, 'Consumidor Final', '2025-02-10 19:06:06', 2.25),
(33, 1, 'Consumidor Final', '2025-11-11 19:06:06', 13.50),
(34, 3, 'Consumidor Final', '2025-08-31 19:06:06', 13.50),
(35, 4, 'Consumidor Final', '2025-03-18 19:06:06', 7.50),
(36, 4, 'Consumidor Final', '2025-06-15 19:06:06', 3.00),
(37, 2, 'Consumidor Final', '2025-08-03 19:06:06', 6.50),
(38, 2, 'Consumidor Final', '2025-04-20 19:06:06', 9.00),
(39, 2, 'Consumidor Final', '2025-08-26 19:06:06', 36.00),
(40, 4, 'Consumidor Final', '2025-10-24 19:06:06', 64.50),
(41, 4, 'Consumidor Final', '2025-08-23 19:06:06', 5.00),
(42, 1, 'Consumidor Final', '2025-06-28 19:06:06', 28.00),
(43, 4, 'Consumidor Final', '2025-04-21 19:06:06', 24.00),
(44, 1, 'Consumidor Final', '2025-01-18 19:06:06', 2.50),
(45, 1, 'Consumidor Final', '2025-06-21 19:06:06', 5.00),
(46, 3, 'Consumidor Final', '2025-06-13 19:06:06', 7.50),
(47, 1, 'Consumidor Final', '2025-05-30 19:06:06', 7.50),
(48, 4, 'Consumidor Final', '2025-05-05 19:06:06', 24.00),
(49, 1, 'Consumidor Final', '2025-09-09 19:06:06', 2.50),
(50, 1, 'Consumidor Final', '2025-09-16 19:06:06', 11.00),
(51, 1, 'Consumidor Final', '2025-01-11 19:06:06', 8.50),
(52, 4, 'Consumidor Final', '2025-03-26 19:06:06', 18.00),
(53, 3, 'Consumidor Final', '2025-05-25 19:06:06', 11.50),
(54, 4, 'Consumidor Final', '2025-07-04 19:06:06', 28.00),
(55, 2, 'Consumidor Final', '2025-01-01 19:06:06', 9.25),
(56, 4, 'Consumidor Final', '2025-03-30 19:06:06', 4.50),
(57, 2, 'Consumidor Final', '2025-05-21 19:06:06', 10.00),
(58, 4, 'Consumidor Final', '2025-11-30 19:06:06', 3.75),
(59, 4, 'Consumidor Final', '2025-07-22 19:06:06', 64.50),
(60, 3, 'Consumidor Final', '2025-05-25 19:06:06', 33.00),
(61, 2, 'Consumidor Final', '2025-11-23 19:06:06', 15.00),
(62, 2, 'Consumidor Final', '2025-06-15 19:06:06', 18.50),
(63, 3, 'Consumidor Final', '2025-01-29 19:06:06', 36.00),
(64, 3, 'Consumidor Final', '2025-07-08 19:06:06', 33.00),
(65, 2, 'Consumidor Final', '2025-09-26 19:06:06', 22.50),
(66, 1, 'Consumidor Final', '2025-01-13 19:06:06', 2.25),
(67, 2, 'Consumidor Final', '2025-07-15 19:06:06', 8.50),
(68, 2, 'Consumidor Final', '2025-05-03 19:06:06', 22.00),
(69, 4, 'Consumidor Final', '2025-07-17 19:06:06', 34.50),
(70, 1, 'Consumidor Final', '2025-09-08 19:06:06', 2.50),
(71, 3, 'Consumidor Final', '2025-09-08 19:06:06', 22.00),
(72, 2, 'Consumidor Final', '2025-06-19 19:06:06', 11.00),
(73, 1, 'Consumidor Final', '2025-05-16 19:06:06', 42.00),
(74, 4, 'Consumidor Final', '2025-10-29 19:06:06', 6.75),
(75, 2, 'Consumidor Final', '2025-02-12 19:06:06', 24.00),
(76, 4, 'Consumidor Final', '2025-05-06 19:06:06', 13.50),
(77, 4, 'Consumidor Final', '2025-07-02 19:06:06', 6.75),
(78, 3, 'Consumidor Final', '2025-04-30 19:06:06', 22.50),
(79, 4, 'Consumidor Final', '2025-05-26 19:06:06', 3.00),
(80, 4, 'Consumidor Final', '2025-05-04 19:06:06', 6.75),
(81, 4, 'Consumidor Final', '2025-01-18 19:06:06', 2.50),
(82, 1, 'Consumidor Final', '2025-11-24 19:06:06', 18.00),
(83, 3, 'Consumidor Final', '2025-07-01 19:06:06', 3.00),
(84, 4, 'Consumidor Final', '2025-06-19 19:06:06', 4.50),
(85, 2, 'Consumidor Final', '2025-10-24 19:06:06', 2.50),
(86, 2, 'Consumidor Final', '2025-08-31 19:06:06', 5.00),
(87, 3, 'Consumidor Final', '2025-07-24 19:06:06', 64.50),
(88, 3, 'Consumidor Final', '2025-02-19 19:06:06', 12.00),
(89, 2, 'Consumidor Final', '2025-10-05 19:06:06', 18.50),
(90, 3, 'Consumidor Final', '2025-04-14 19:06:06', 42.00),
(91, 4, 'Consumidor Final', '2025-09-11 19:06:06', 28.00),
(92, 3, 'Consumidor Final', '2025-12-01 19:06:06', 17.00),
(93, 4, 'Consumidor Final', '2025-04-18 19:06:06', 17.00),
(94, 3, 'Consumidor Final', '2025-04-03 19:06:06', 33.00),
(95, 4, 'Consumidor Final', '2025-10-25 19:06:06', 6.75),
(96, 2, 'Consumidor Final', '2025-04-23 19:06:06', 28.00),
(97, 2, 'Consumidor Final', '2025-06-03 19:06:06', 36.00),
(98, 3, 'Consumidor Final', '2025-01-10 19:06:06', 13.50),
(99, 3, 'Consumidor Final', '2025-09-28 19:06:06', 19.60),
(100, 2, 'Consumidor Final', '2025-09-11 19:06:06', 33.00),
(101, 3, 'Consumidor Final', '2025-10-13 19:06:06', 11.50),
(102, 1, 'Consumidor Final', '2025-01-11 19:06:06', 28.00),
(103, 2, 'Consumidor Final', '2025-02-11 19:06:06', 7.50),
(104, 2, 'Consumidor Final', '2025-09-05 19:06:06', 7.50),
(105, 4, 'Consumidor Final', '2025-06-11 19:06:06', 7.50),
(106, 4, 'Consumidor Final', '2025-10-11 19:06:06', 13.50),
(107, 2, 'Consumidor Final', '2025-08-30 19:06:06', 2.50),
(108, 4, 'Consumidor Final', '2025-09-13 19:06:06', 15.00),
(109, 4, 'Consumidor Final', '2025-02-01 19:06:06', 36.00),
(110, 4, 'Consumidor Final', '2025-12-03 19:06:06', 34.50),
(111, 3, 'Consumidor Final', '2025-10-26 19:06:06', 19.60),
(112, 2, 'Consumidor Final', '2025-01-06 19:06:06', 6.00),
(113, 3, 'Consumidor Final', '2025-07-09 19:06:06', 2.50),
(114, 3, 'Consumidor Final', '2025-08-07 19:06:06', 6.00),
(115, 2, 'Consumidor Final', '2025-05-08 19:06:06', 20.25),
(116, 1, 'Consumidor Final', '2025-10-18 19:06:06', 36.00),
(117, 2, 'Consumidor Final', '2025-07-04 19:06:06', 3.00),
(118, 2, 'Consumidor Final', '2025-11-15 19:06:06', 11.00),
(119, 2, 'Consumidor Final', '2025-04-23 19:06:06', 10.00),
(120, 1, 'Consumidor Final', '2025-01-18 19:06:06', 2.50),
(121, 1, 'Consumidor Final', '2025-05-01 19:06:06', 11.00),
(122, 4, 'Consumidor Final', '2025-03-24 19:06:06', 36.00),
(123, 3, 'Consumidor Final', '2025-04-26 19:06:06', 18.00),
(124, 1, 'Consumidor Final', '2025-11-05 19:06:06', 12.00),
(125, 1, 'Consumidor Final', '2025-01-21 19:06:06', 6.75),
(126, 1, 'Consumidor Final', '2025-07-24 19:06:06', 33.00),
(127, 3, 'Consumidor Final', '2024-12-08 19:06:06', 8.50),
(128, 2, 'Consumidor Final', '2025-05-02 19:06:06', 34.50),
(129, 2, 'Consumidor Final', '2025-10-24 19:06:06', 34.50),
(130, 2, 'Consumidor Final', '2025-01-25 19:06:06', 9.00),
(131, 4, 'Consumidor Final', '2025-09-08 19:06:06', 4.50),
(132, 2, 'Consumidor Final', '2025-01-14 19:06:06', 11.25),
(133, 2, 'Consumidor Final', '2025-09-02 19:06:06', 6.75),
(134, 4, 'Consumidor Final', '2025-09-28 19:06:06', 64.50),
(135, 3, 'Consumidor Final', '2025-06-01 19:06:06', 2.50),
(136, 1, 'Consumidor Final', '2025-07-09 19:06:06', 22.00),
(137, 2, 'Consumidor Final', '2025-09-02 19:06:06', 7.50),
(138, 4, 'Consumidor Final', '2025-09-01 19:06:06', 6.75),
(139, 4, 'Consumidor Final', '2025-05-13 19:06:06', 7.50),
(140, 3, 'Consumidor Final', '2025-06-13 19:06:06', 2.50),
(141, 2, 'Consumidor Final', '2025-02-16 19:06:06', 36.00),
(142, 1, 'Consumidor Final', '2025-08-06 19:06:06', 19.50),
(143, 3, 'Consumidor Final', '2024-12-20 19:06:06', 34.50),
(144, 3, 'Consumidor Final', '2025-06-25 19:06:06', 19.60),
(145, 2, 'Consumidor Final', '2025-05-08 19:06:06', 10.00),
(146, 3, 'Consumidor Final', '2025-10-10 19:06:06', 11.50),
(147, 1, 'Consumidor Final', '2025-08-26 19:06:06', 20.25),
(148, 2, 'Consumidor Final', '2025-08-04 19:06:06', 5.00),
(149, 4, 'Consumidor Final', '2025-09-26 19:06:06', 29.40),
(150, 1, 'Consumidor Final', '2025-09-14 19:06:06', 33.00),
(151, 4, 'Consumidor Final', '2025-05-05 19:06:06', 8.50),
(152, 3, 'Consumidor Final', '2025-01-20 19:06:06', 6.00),
(153, 4, 'Consumidor Final', '2025-03-23 19:06:06', 9.80),
(154, 3, 'Consumidor Final', '2025-03-30 19:06:06', 11.25),
(155, 3, 'Consumidor Final', '2025-06-30 19:06:06', 9.00),
(156, 2, 'Consumidor Final', '2025-11-20 19:06:06', 7.50),
(157, 3, 'Consumidor Final', '2025-11-01 19:06:06', 2.50),
(158, 1, 'Consumidor Final', '2025-11-18 19:06:06', 7.50),
(159, 4, 'Consumidor Final', '2025-01-30 19:06:06', 5.00),
(160, 3, 'Consumidor Final', '2025-03-06 19:06:06', 11.00),
(161, 1, 'Consumidor Final', '2025-02-15 19:06:06', 27.75),
(162, 3, 'Consumidor Final', '2025-11-25 19:06:06', 3.75),
(163, 3, 'Consumidor Final', '2025-08-13 19:06:06', 6.00),
(164, 4, 'Consumidor Final', '2025-07-26 19:06:06', 10.00),
(165, 1, 'Consumidor Final', '2025-04-04 19:06:06', 9.80),
(166, 3, 'Consumidor Final', '2025-05-03 19:06:06', 9.00),
(167, 4, 'Consumidor Final', '2025-01-09 19:06:06', 28.00),
(168, 3, 'Consumidor Final', '2025-04-09 19:06:06', 42.00),
(169, 3, 'Consumidor Final', '2025-08-07 19:06:06', 12.00),
(170, 2, 'Consumidor Final', '2024-12-29 19:06:06', 12.00),
(171, 4, 'Consumidor Final', '2025-07-08 19:06:06', 9.00),
(172, 1, 'Consumidor Final', '2025-09-20 19:06:06', 11.00),
(173, 4, 'Consumidor Final', '2025-01-08 19:06:06', 19.60),
(174, 1, 'Consumidor Final', '2025-03-06 19:06:06', 6.50),
(175, 2, 'Consumidor Final', '2024-12-27 19:06:06', 6.00),
(176, 3, 'Consumidor Final', '2025-01-22 19:06:06', 11.25),
(177, 3, 'Consumidor Final', '2025-10-20 19:06:06', 15.00),
(178, 2, 'Consumidor Final', '2025-09-03 19:06:06', 7.50),
(179, 1, 'Consumidor Final', '2025-11-21 19:06:06', 9.00),
(180, 3, 'Consumidor Final', '2025-02-18 19:06:06', 13.50),
(181, 4, 'Consumidor Final', '2025-07-25 19:06:06', 42.00),
(182, 2, 'Consumidor Final', '2025-10-21 19:06:06', 11.00),
(183, 2, 'Consumidor Final', '2025-01-31 19:06:06', 43.00),
(184, 1, 'Consumidor Final', '2025-08-17 19:06:06', 14.00),
(185, 3, 'Consumidor Final', '2025-05-20 19:06:06', 7.50),
(186, 3, 'Consumidor Final', '2025-07-13 19:06:06', 9.00),
(187, 4, 'Consumidor Final', '2025-06-21 19:06:06', 33.00),
(188, 4, 'Consumidor Final', '2025-05-09 19:06:06', 33.00),
(189, 2, 'Consumidor Final', '2025-08-16 19:06:06', 11.00),
(190, 4, 'Consumidor Final', '2025-12-06 19:06:06', 14.00),
(191, 3, 'Consumidor Final', '2025-11-23 19:06:06', 6.50),
(192, 2, 'Consumidor Final', '2025-01-19 19:06:06', 2.50),
(193, 1, 'Consumidor Final', '2025-02-25 19:06:06', 28.00),
(194, 1, 'Consumidor Final', '2025-03-24 19:06:06', 7.50),
(195, 3, 'Consumidor Final', '2025-05-22 19:06:06', 28.00),
(196, 4, 'Consumidor Final', '2025-06-01 19:06:06', 18.00),
(197, 1, 'Consumidor Final', '2025-09-16 19:06:06', 11.00),
(198, 3, 'Consumidor Final', '2025-10-30 19:06:06', 13.50),
(199, 2, 'Consumidor Final', '2025-11-10 19:06:06', 7.50),
(200, 1, 'Consumidor Final', '2025-11-28 19:06:06', 6.00),
(201, 3, 'Consumidor Final', '2025-08-28 19:06:06', 11.00),
(202, 2, 'Consumidor Final', '2025-09-02 19:06:06', 14.00),
(203, 2, 'Consumidor Final', '2025-02-25 19:06:06', 42.00),
(204, 4, 'Consumidor Final', '2025-03-14 19:06:06', 5.00),
(205, 4, 'Consumidor Final', '2024-12-23 19:06:06', 9.25),
(206, 4, 'Consumidor Final', '2025-11-22 19:06:06', 11.25),
(207, 1, 'Consumidor Final', '2025-10-06 19:06:06', 12.00),
(208, 4, 'Consumidor Final', '2025-01-24 19:06:06', 5.00),
(209, 1, 'Consumidor Final', '2025-02-28 19:06:06', 11.00),
(210, 3, 'Consumidor Final', '2025-03-23 19:06:06', 3.00),
(211, 1, 'Consumidor Final', '2025-07-10 19:06:06', 27.75),
(212, 4, 'Consumidor Final', '2025-08-28 19:06:06', 11.00),
(213, 4, 'Consumidor Final', '2025-11-17 19:06:06', 27.75),
(214, 2, 'Consumidor Final', '2025-01-07 19:06:06', 6.00),
(215, 4, 'Consumidor Final', '2025-01-01 19:06:06', 13.00),
(216, 3, 'Consumidor Final', '2025-07-20 19:06:06', 43.00),
(217, 4, 'Consumidor Final', '2025-08-17 19:06:06', 13.50),
(218, 2, 'Consumidor Final', '2025-08-04 19:06:06', 11.25),
(219, 3, 'Consumidor Final', '2025-11-28 19:06:06', 11.50),
(220, 1, 'Consumidor Final', '2025-08-28 19:06:06', 24.00),
(221, 1, 'Consumidor Final', '2025-02-17 19:06:06', 4.50),
(222, 2, 'Consumidor Final', '2025-06-28 19:06:06', 20.25),
(223, 2, 'Consumidor Final', '2025-08-23 19:06:06', 8.50),
(224, 4, 'Consumidor Final', '2025-12-03 19:06:06', 42.00),
(225, 2, 'Consumidor Final', '2025-04-11 19:06:06', 10.00),
(226, 1, 'Consumidor Final', '2025-04-03 19:06:06', 28.00),
(227, 3, 'Consumidor Final', '2025-12-03 19:06:06', 7.50),
(228, 3, 'Consumidor Final', '2025-04-26 19:06:06', 6.75),
(229, 2, 'Consumidor Final', '2025-03-03 19:06:06', 15.00),
(230, 2, 'Consumidor Final', '2025-07-31 19:06:06', 12.00),
(231, 3, 'Consumidor Final', '2025-03-01 19:06:06', 9.00),
(232, 2, 'Consumidor Final', '2025-07-21 19:06:06', 18.00),
(233, 2, 'Consumidor Final', '2025-02-27 19:06:06', 11.50),
(234, 4, 'Consumidor Final', '2025-04-09 19:06:06', 20.25),
(235, 1, 'Consumidor Final', '2025-10-25 19:06:06', 7.50),
(236, 3, 'Consumidor Final', '2025-06-30 19:06:06', 28.00),
(237, 1, 'Consumidor Final', '2025-10-19 19:06:06', 11.50),
(238, 1, 'Consumidor Final', '2025-07-05 19:06:06', 12.00),
(239, 1, 'Consumidor Final', '2025-10-24 19:06:06', 22.50),
(240, 2, 'Consumidor Final', '2025-06-17 19:06:06', 21.50),
(241, 1, 'Consumidor Final', '2025-10-26 19:06:06', 22.00),
(242, 2, 'Consumidor Final', '2025-10-19 19:06:06', 11.00),
(243, 3, 'Consumidor Final', '2024-12-17 19:06:06', 13.50),
(244, 3, 'Consumidor Final', '2025-09-24 19:06:06', 4.50),
(245, 3, 'Consumidor Final', '2025-12-04 19:06:06', 7.50),
(246, 4, 'Consumidor Final', '2025-02-09 19:06:06', 64.50),
(247, 4, 'Consumidor Final', '2025-05-06 19:06:06', 14.00),
(248, 3, 'Consumidor Final', '2025-09-06 19:06:06', 6.00),
(249, 3, 'Consumidor Final', '2025-11-14 19:06:06', 33.00),
(250, 2, 'Consumidor Final', '2025-08-11 19:06:06', 2.50),
(251, 3, 'Consumidor Final', '2025-08-12 19:06:06', 12.00),
(252, 1, 'Consumidor Final', '2025-07-10 19:06:06', 22.00),
(253, 2, 'Consumidor Final', '2025-05-21 19:06:06', 9.00),
(254, 3, 'Consumidor Final', '2025-04-11 19:06:06', 17.00),
(255, 4, 'Consumidor Final', '2025-09-08 19:06:06', 9.00),
(256, 2, 'Consumidor Final', '2025-03-05 19:06:06', 28.00),
(257, 4, 'Consumidor Final', '2025-05-06 19:06:06', 11.00),
(258, 1, 'Consumidor Final', '2025-04-27 19:06:06', 2.25),
(259, 4, 'Consumidor Final', '2024-12-15 19:06:06', 13.00),
(260, 4, 'Consumidor Final', '2025-09-19 19:06:06', 2.50),
(261, 2, 'Consumidor Final', '2025-02-08 19:06:06', 25.50),
(262, 3, 'Consumidor Final', '2025-09-11 19:06:06', 11.25),
(263, 3, 'Consumidor Final', '2025-04-05 19:06:06', 22.50),
(264, 1, 'Consumidor Final', '2025-10-30 19:06:06', 7.50),
(265, 1, 'Consumidor Final', '2025-04-06 19:06:06', 14.00),
(266, 4, 'Consumidor Final', '2025-07-14 19:06:06', 6.75),
(267, 3, 'Consumidor Final', '2025-11-21 19:06:06', 19.50),
(268, 3, 'Consumidor Final', '2025-06-30 19:06:06', 23.00),
(269, 2, 'Consumidor Final', '2025-09-13 19:06:06', 29.40),
(270, 3, 'Consumidor Final', '2025-05-01 19:06:06', 10.00),
(271, 1, 'Consumidor Final', '2025-07-08 19:06:06', 7.50),
(272, 3, 'Consumidor Final', '2025-10-18 19:06:06', 24.00),
(273, 4, 'Consumidor Final', '2025-09-28 19:06:06', 22.50),
(274, 2, 'Consumidor Final', '2025-09-06 19:06:06', 7.50),
(275, 3, 'Consumidor Final', '2025-05-04 19:06:06', 5.00),
(276, 3, 'Consumidor Final', '2024-12-14 19:06:06', 33.00),
(277, 2, 'Consumidor Final', '2025-01-28 19:06:06', 9.00),
(278, 4, 'Consumidor Final', '2025-03-10 19:06:06', 9.80),
(279, 4, 'Consumidor Final', '2025-07-18 19:06:06', 29.40),
(280, 3, 'Consumidor Final', '2025-06-20 19:06:06', 7.50),
(281, 4, 'Consumidor Final', '2025-11-23 19:06:06', 8.50),
(282, 3, 'Consumidor Final', '2025-07-06 19:06:06', 33.00),
(283, 1, 'Consumidor Final', '2025-05-20 19:06:06', 19.60),
(284, 3, 'Consumidor Final', '2025-05-24 19:06:06', 5.00),
(285, 1, 'Consumidor Final', '2025-05-21 19:06:06', 5.00),
(286, 3, 'Consumidor Final', '2025-09-22 19:06:06', 9.00),
(287, 3, 'Consumidor Final', '2025-05-30 19:06:06', 9.25),
(288, 4, 'Consumidor Final', '2025-04-24 19:06:06', 13.50),
(289, 2, 'Consumidor Final', '2025-07-18 19:06:06', 20.25),
(290, 4, 'Consumidor Final', '2025-08-06 19:06:06', 14.00),
(291, 2, 'Consumidor Final', '2025-05-11 19:06:06', 8.50),
(292, 1, 'Consumidor Final', '2025-08-13 19:06:06', 9.00),
(293, 3, 'Consumidor Final', '2025-01-15 19:06:06', 2.25),
(294, 2, 'Consumidor Final', '2025-05-12 19:06:06', 28.00),
(295, 2, 'Consumidor Final', '2025-03-05 19:06:06', 11.00),
(296, 3, 'Consumidor Final', '2025-02-26 19:06:06', 22.00),
(297, 3, 'Consumidor Final', '2025-01-23 19:06:06', 19.60),
(298, 2, 'Consumidor Final', '2025-06-01 19:06:06', 28.00),
(299, 4, 'Consumidor Final', '2025-03-05 19:06:06', 5.00),
(300, 1, 'Consumidor Final', '2025-06-30 19:06:06', 64.50),
(301, 3, 'Consumidor Final', '2025-10-29 19:06:06', 43.00),
(302, 4, 'Consumidor Final', '2025-05-30 19:06:06', 12.00),
(303, 2, 'Consumidor Final', '2025-07-23 19:06:06', 7.50),
(304, 3, 'Consumidor Final', '2025-08-30 19:06:06', 11.00),
(305, 2, 'Consumidor Final', '2025-01-18 19:06:06', 14.00),
(306, 2, 'Consumidor Final', '2025-05-21 19:06:06', 2.50),
(307, 1, 'Consumidor Final', '2025-01-03 19:06:06', 6.75),
(308, 4, 'Consumidor Final', '2025-08-30 19:06:06', 24.00),
(309, 4, 'Consumidor Final', '2025-05-22 19:06:06', 21.50),
(310, 2, 'Consumidor Final', '2025-05-29 19:06:06', 11.50),
(311, 3, 'Consumidor Final', '2025-02-08 19:06:06', 2.25),
(312, 3, 'Consumidor Final', '2025-01-24 19:06:06', 25.50),
(313, 4, 'Consumidor Final', '2025-01-07 19:06:06', 10.00),
(314, 3, 'Consumidor Final', '2025-08-02 19:06:06', 12.00),
(315, 1, 'Consumidor Final', '2025-03-07 19:06:06', 7.50),
(316, 2, 'Consumidor Final', '2025-11-23 19:06:06', 2.50),
(317, 2, 'Consumidor Final', '2025-05-21 19:06:06', 19.60),
(318, 3, 'Consumidor Final', '2025-10-23 19:06:06', 2.50),
(319, 4, 'Consumidor Final', '2025-09-30 19:06:06', 13.50),
(320, 3, 'Consumidor Final', '2025-06-16 19:06:06', 19.60),
(321, 3, 'Consumidor Final', '2025-09-10 19:06:06', 19.60),
(322, 1, 'Consumidor Final', '2025-08-31 19:06:06', 43.00),
(323, 1, 'Consumidor Final', '2025-01-04 19:06:06', 25.50),
(324, 1, 'Consumidor Final', '2025-02-10 19:06:06', 23.00),
(325, 1, 'Consumidor Final', '2024-12-13 19:06:06', 6.75),
(326, 2, 'Consumidor Final', '2025-03-16 19:06:06', 3.75),
(327, 1, 'Consumidor Final', '2025-03-15 19:06:06', 20.25),
(328, 1, 'Consumidor Final', '2025-07-24 19:06:06', 42.00),
(329, 3, 'Consumidor Final', '2025-10-08 19:06:06', 6.00),
(330, 4, 'Consumidor Final', '2024-12-25 19:06:06', 42.00),
(331, 4, 'Consumidor Final', '2025-10-03 19:06:06', 5.00),
(332, 1, 'Consumidor Final', '2025-07-03 19:06:06', 15.00),
(333, 2, 'Consumidor Final', '2025-07-17 19:06:06', 18.00),
(334, 1, 'Consumidor Final', '2025-01-18 19:06:06', 5.00),
(335, 4, 'Consumidor Final', '2025-05-09 19:06:06', 13.50),
(336, 1, 'Consumidor Final', '2024-12-20 19:06:06', 36.00),
(337, 3, 'Consumidor Final', '2025-04-29 19:06:06', 9.80),
(338, 4, 'Consumidor Final', '2025-01-02 19:06:06', 7.50),
(339, 1, 'Consumidor Final', '2025-04-30 19:06:06', 64.50),
(340, 1, 'Consumidor Final', '2025-09-20 19:06:06', 4.50),
(341, 1, 'Consumidor Final', '2025-03-28 19:06:06', 22.00),
(342, 2, 'Consumidor Final', '2025-12-03 19:06:06', 11.00),
(343, 2, 'Consumidor Final', '2025-04-21 19:06:06', 22.50),
(344, 3, 'Consumidor Final', '2025-10-14 19:06:06', 7.50),
(345, 1, 'Consumidor Final', '2025-03-27 19:06:06', 7.50),
(346, 4, 'Consumidor Final', '2025-08-22 19:06:06', 7.50),
(347, 1, 'Consumidor Final', '2025-03-13 19:06:06', 13.50),
(348, 3, 'Consumidor Final', '2025-05-14 19:06:06', 6.75),
(349, 3, 'Consumidor Final', '2025-09-06 19:06:06', 5.00),
(350, 2, 'Consumidor Final', '2025-08-19 19:06:06', 34.50),
(351, 1, 'Consumidor Final', '2025-07-17 19:06:06', 33.00),
(352, 4, 'Consumidor Final', '2025-10-25 19:06:06', 15.00),
(353, 3, 'Consumidor Final', '2025-05-08 19:06:06', 27.75),
(354, 3, 'Consumidor Final', '2025-09-03 19:06:06', 7.50),
(355, 3, 'Consumidor Final', '2025-09-18 19:06:06', 19.60),
(356, 2, 'Consumidor Final', '2025-06-22 19:06:06', 20.25),
(357, 3, 'Consumidor Final', '2024-12-20 19:06:06', 43.00),
(358, 1, 'Consumidor Final', '2025-02-25 19:06:06', 42.00),
(359, 2, 'Consumidor Final', '2025-05-24 19:06:06', 7.50),
(360, 4, 'Consumidor Final', '2025-10-18 19:06:06', 5.00),
(361, 3, 'Consumidor Final', '2025-12-05 19:06:06', 11.50),
(362, 4, 'Consumidor Final', '2025-02-15 19:06:06', 12.00),
(363, 2, 'Consumidor Final', '2025-08-09 19:06:06', 6.75),
(364, 2, 'Consumidor Final', '2025-03-15 19:06:06', 9.00),
(365, 2, 'Consumidor Final', '2025-07-18 19:06:06', 13.50),
(366, 4, 'Consumidor Final', '2025-05-12 19:06:06', 6.75),
(367, 1, 'Consumidor Final', '2025-09-20 19:06:06', 25.50),
(368, 3, 'Consumidor Final', '2025-02-27 19:06:06', 15.00),
(369, 3, 'Consumidor Final', '2025-07-23 19:06:06', 6.50),
(370, 4, 'Consumidor Final', '2025-07-23 19:06:06', 14.00),
(371, 1, 'Consumidor Final', '2024-12-08 19:06:06', 6.00),
(372, 3, 'Consumidor Final', '2025-03-21 19:06:06', 7.50),
(373, 1, 'Consumidor Final', '2025-03-25 19:06:06', 6.50),
(374, 2, 'Consumidor Final', '2025-07-02 19:06:06', 9.00),
(375, 1, 'Consumidor Final', '2025-08-24 19:06:06', 22.50),
(376, 4, 'Consumidor Final', '2025-06-27 19:06:06', 29.40),
(377, 3, 'Consumidor Final', '2025-02-27 19:06:06', 18.00),
(378, 2, 'Consumidor Final', '2025-03-31 19:06:06', 3.75),
(379, 4, 'Consumidor Final', '2024-12-24 19:06:06', 2.50),
(380, 4, 'Consumidor Final', '2025-10-07 19:06:06', 13.50),
(381, 1, 'Consumidor Final', '2024-12-17 19:06:06', 9.00),
(382, 1, 'Consumidor Final', '2024-12-16 19:06:06', 42.00),
(383, 4, 'Consumidor Final', '2025-05-08 19:06:06', 9.80),
(384, 2, 'Consumidor Final', '2025-07-04 19:06:06', 23.00),
(385, 1, 'Consumidor Final', '2025-06-24 19:06:06', 33.00),
(386, 1, 'Consumidor Final', '2025-07-25 19:06:06', 28.00),
(387, 2, 'Consumidor Final', '2025-07-24 19:06:06', 7.50),
(388, 1, 'Consumidor Final', '2025-05-18 19:06:06', 64.50),
(389, 1, 'Consumidor Final', '2025-06-15 19:06:06', 4.50),
(390, 1, 'Consumidor Final', '2025-11-17 19:06:06', 13.00),
(391, 1, 'Consumidor Final', '2025-05-15 19:06:06', 4.50),
(392, 2, 'Consumidor Final', '2025-10-20 19:06:06', 5.00),
(393, 2, 'Consumidor Final', '2025-04-26 19:06:06', 6.00),
(394, 1, 'Consumidor Final', '2025-08-14 19:06:06', 7.50),
(395, 2, 'Consumidor Final', '2025-07-18 19:06:06', 3.75),
(396, 1, 'Consumidor Final', '2025-06-26 19:06:06', 11.00),
(397, 2, 'Consumidor Final', '2025-11-17 19:06:06', 5.00),
(398, 3, 'Consumidor Final', '2025-12-01 19:06:06', 6.75),
(399, 2, 'Consumidor Final', '2025-07-14 19:06:06', 2.50),
(400, 1, 'Consumidor Final', '2025-06-29 19:06:06', 19.60),
(401, 3, 'Consumidor Final', '2025-07-20 19:06:06', 7.50),
(402, 3, 'Consumidor Final', '2025-10-02 19:06:06', 2.50),
(403, 1, 'Consumidor Final', '2025-03-27 19:06:06', 11.00),
(404, 2, 'Consumidor Final', '2025-03-11 19:06:06', 3.75),
(405, 2, 'Consumidor Final', '2025-10-23 19:06:06', 11.25),
(406, 4, 'Consumidor Final', '2025-02-18 19:06:06', 5.00),
(407, 4, 'Consumidor Final', '2025-09-14 19:06:06', 6.00),
(408, 4, 'Consumidor Final', '2025-03-04 19:06:06', 11.50),
(409, 3, 'Consumidor Final', '2025-03-27 19:06:06', 7.50),
(410, 1, 'Consumidor Final', '2025-10-08 19:06:06', 2.50),
(411, 4, 'Consumidor Final', '2025-06-23 19:06:06', 6.00),
(412, 3, 'Consumidor Final', '2025-01-20 19:06:06', 18.50),
(413, 2, 'Consumidor Final', '2025-05-10 19:06:06', 42.00),
(414, 3, 'Consumidor Final', '2025-06-18 19:06:06', 3.75),
(415, 3, 'Consumidor Final', '2025-07-05 19:06:06', 7.50),
(416, 3, 'Consumidor Final', '2024-12-25 19:06:06', 17.00),
(417, 4, 'Consumidor Final', '2025-10-30 19:06:06', 9.00),
(418, 4, 'Consumidor Final', '2025-02-20 19:06:06', 4.50),
(419, 2, 'Consumidor Final', '2025-11-11 19:06:06', 43.00),
(420, 2, 'Consumidor Final', '2025-05-19 19:06:06', 24.00),
(421, 1, 'Consumidor Final', '2025-10-04 19:06:06', 5.00),
(422, 1, 'Consumidor Final', '2025-03-29 19:06:06', 2.50),
(423, 3, 'Consumidor Final', '2024-12-09 19:06:06', 7.50),
(424, 1, 'Consumidor Final', '2025-01-16 19:06:06', 6.75),
(425, 3, 'Consumidor Final', '2025-06-24 19:06:06', 22.50),
(426, 2, 'Consumidor Final', '2025-08-21 19:06:06', 13.50),
(427, 4, 'Consumidor Final', '2025-10-17 19:06:06', 7.50),
(428, 1, 'Consumidor Final', '2025-01-04 19:06:06', 2.50),
(429, 2, 'Consumidor Final', '2025-05-07 19:06:06', 42.00),
(430, 2, 'Consumidor Final', '2025-03-04 19:06:06', 3.00),
(431, 1, 'Consumidor Final', '2025-09-12 19:06:06', 28.00),
(432, 3, 'Consumidor Final', '2025-03-11 19:06:06', 15.00),
(433, 3, 'Consumidor Final', '2025-01-15 19:06:06', 24.00),
(434, 2, 'Consumidor Final', '2025-05-18 19:06:06', 2.25),
(435, 2, 'Consumidor Final', '2025-02-03 19:06:06', 22.00),
(436, 4, 'Consumidor Final', '2025-06-21 19:06:06', 17.00),
(437, 2, 'Consumidor Final', '2025-05-03 19:06:06', 2.50),
(438, 2, 'Consumidor Final', '2025-11-23 19:06:06', 22.00),
(439, 3, 'Consumidor Final', '2025-10-23 19:06:06', 36.00),
(440, 4, 'Consumidor Final', '2025-09-21 19:06:06', 15.00),
(441, 3, 'Consumidor Final', '2025-04-23 19:06:06', 15.00),
(442, 4, 'Consumidor Final', '2024-12-29 19:06:06', 2.50),
(443, 1, 'Consumidor Final', '2025-02-18 19:06:06', 10.00),
(444, 4, 'Consumidor Final', '2025-10-06 19:06:06', 22.50),
(445, 3, 'Consumidor Final', '2025-11-25 19:06:06', 14.00),
(446, 4, 'Consumidor Final', '2025-03-26 19:06:06', 4.50),
(447, 2, 'Consumidor Final', '2025-11-13 19:06:06', 2.50),
(448, 3, 'Consumidor Final', '2025-01-27 19:06:06', 6.75),
(449, 4, 'Consumidor Final', '2025-08-09 19:06:06', 9.80),
(450, 3, 'Consumidor Final', '2025-06-27 19:06:06', 9.00),
(451, 4, 'Consumidor Final', '2025-09-18 19:06:06', 19.50),
(452, 3, 'Consumidor Final', '2025-03-10 19:06:06', 8.50),
(453, 4, 'Consumidor Final', '2025-08-21 19:06:06', 11.00),
(454, 1, 'Consumidor Final', '2025-04-19 19:06:06', 4.50),
(455, 1, 'Consumidor Final', '2025-06-23 19:06:06', 17.00),
(456, 4, 'Consumidor Final', '2025-10-15 19:06:06', 7.50),
(457, 3, 'Consumidor Final', '2025-11-19 19:06:06', 24.00),
(458, 2, 'Consumidor Final', '2025-11-13 19:06:06', 6.50),
(459, 3, 'Consumidor Final', '2025-07-31 19:06:06', 9.00),
(460, 2, 'Consumidor Final', '2025-02-21 19:06:06', 13.50),
(461, 4, 'Consumidor Final', '2025-03-10 19:06:06', 34.50),
(462, 1, 'Consumidor Final', '2025-06-29 19:06:06', 11.25),
(463, 3, 'Consumidor Final', '2025-10-29 19:06:06', 15.00),
(464, 1, 'Consumidor Final', '2025-01-17 19:06:06', 24.00),
(465, 2, 'Consumidor Final', '2025-05-18 19:06:06', 9.25),
(466, 2, 'Consumidor Final', '2025-04-04 19:06:06', 2.50),
(467, 3, 'Consumidor Final', '2025-05-30 19:06:06', 22.00),
(468, 1, 'Consumidor Final', '2025-08-10 19:06:06', 7.50),
(469, 4, 'Consumidor Final', '2024-12-11 19:06:06', 5.00),
(470, 4, 'Consumidor Final', '2025-05-19 19:06:06', 23.00),
(471, 4, 'Consumidor Final', '2025-10-13 19:06:06', 3.00),
(472, 2, 'Consumidor Final', '2025-08-30 19:06:06', 64.50),
(473, 2, 'Consumidor Final', '2025-08-06 19:06:06', 42.00),
(474, 3, 'Consumidor Final', '2025-01-14 19:06:06', 27.75),
(475, 4, 'Consumidor Final', '2025-04-11 19:06:06', 12.00),
(476, 2, 'Consumidor Final', '2025-09-05 19:06:06', 23.00),
(477, 3, 'Consumidor Final', '2025-09-11 19:06:06', 13.50),
(478, 2, 'Consumidor Final', '2025-12-06 19:06:06', 2.50),
(479, 4, 'Consumidor Final', '2025-01-19 19:06:06', 64.50),
(480, 2, 'Consumidor Final', '2025-10-17 19:06:06', 22.00),
(481, 4, 'Consumidor Final', '2025-02-19 19:06:06', 23.00),
(482, 3, 'Consumidor Final', '2025-06-26 19:06:06', 5.00),
(483, 3, 'Consumidor Final', '2025-08-01 19:06:06', 11.50),
(484, 4, 'Consumidor Final', '2025-06-04 19:06:06', 22.00),
(485, 2, 'Consumidor Final', '2025-08-08 19:06:06', 43.00),
(486, 3, 'Consumidor Final', '2025-08-07 19:06:06', 24.00),
(487, 3, 'Consumidor Final', '2025-05-09 19:06:06', 34.50),
(488, 2, 'Consumidor Final', '2025-01-29 19:06:06', 6.00),
(489, 2, 'Consumidor Final', '2025-05-28 19:06:06', 14.00),
(490, 3, 'Consumidor Final', '2025-07-19 19:06:06', 4.50),
(491, 3, 'Consumidor Final', '2025-03-03 19:06:06', 5.00),
(492, 1, 'Consumidor Final', '2025-01-17 19:06:06', 9.25),
(493, 4, 'Consumidor Final', '2025-06-28 19:06:06', 14.00),
(494, 3, 'Consumidor Final', '2025-11-04 19:06:06', 29.40),
(495, 2, 'Consumidor Final', '2025-08-17 19:06:06', 8.50),
(496, 4, 'Consumidor Final', '2024-12-14 19:06:06', 12.00),
(497, 4, 'Consumidor Final', '2025-07-10 19:06:06', 25.50),
(498, 4, 'Consumidor Final', '2024-12-19 19:06:06', 20.25),
(499, 1, 'Consumidor Final', '2025-09-15 19:06:06', 7.50),
(500, 3, 'Consumidor Final', '2025-04-11 19:06:06', 2.50),
(501, 4, 'Consumidor Final', '2025-03-12 19:06:06', 25.50),
(502, 2, 'Consumidor Final', '2025-07-02 19:06:06', 7.50),
(503, 1, 'Consumidor Final', '2025-01-20 19:06:06', 5.00),
(504, 4, 'Consumidor Final', '2024-12-24 19:06:06', 23.00),
(505, 2, 'Consumidor Final', '2025-10-28 19:06:06', 6.75),
(506, 2, 'Consumidor Final', '2025-10-26 19:06:06', 28.00),
(507, 3, 'Consumidor Final', '2025-05-10 19:06:06', 4.50),
(508, 4, 'Consumidor Final', '2025-01-01 19:06:06', 7.50),
(509, 1, 'Consumidor Final', '2025-10-27 19:06:06', 27.75),
(510, 2, 'Consumidor Final', '2025-03-06 19:06:06', 2.50),
(511, 2, 'Consumidor Final', '2025-03-26 19:06:06', 25.50),
(512, 4, 'Consumidor Final', '2025-01-13 19:06:06', 34.50),
(513, 3, 'Consumidor Final', '2025-02-05 19:06:06', 36.00),
(514, 1, 'Consumidor Final', '2025-10-17 19:06:06', 25.50),
(515, 1, 'Consumidor Final', '2025-01-16 19:06:06', 4.50),
(516, 3, 'Consumidor Final', '2025-06-06 19:06:06', 17.00),
(517, 4, 'Consumidor Final', '2025-11-09 19:06:06', 13.50),
(518, 3, 'Consumidor Final', '2025-11-23 19:06:06', 2.50),
(519, 1, 'Consumidor Final', '2025-04-29 19:06:06', 7.50),
(520, 3, 'Consumidor Final', '2025-04-29 19:06:06', 27.75),
(521, 2, 'Consumidor Final', '2025-02-13 19:06:06', 11.25),
(522, 4, 'Consumidor Final', '2025-08-06 19:06:06', 36.00),
(523, 3, 'Consumidor Final', '2025-03-09 19:06:06', 18.00),
(524, 4, 'Consumidor Final', '2025-03-27 19:06:06', 28.00),
(525, 3, 'Consumidor Final', '2025-10-08 19:06:06', 2.50),
(526, 2, 'Consumidor Final', '2025-11-20 19:06:06', 9.80),
(527, 2, 'Consumidor Final', '2025-07-15 19:06:06', 9.80),
(528, 2, 'Consumidor Final', '2025-10-07 19:06:06', 12.00),
(529, 3, 'Consumidor Final', '2025-02-14 19:06:06', 7.50),
(530, 4, 'Consumidor Final', '2025-09-29 19:06:06', 3.75),
(531, 4, 'Consumidor Final', '2025-09-24 19:06:06', 3.75),
(532, 3, 'Consumidor Final', '2025-01-08 19:06:06', 22.50),
(533, 3, 'Consumidor Final', '2025-08-26 19:06:06', 7.50),
(534, 2, 'Consumidor Final', '2025-03-29 19:06:06', 9.00),
(535, 1, 'Consumidor Final', '2025-09-28 19:06:06', 14.00),
(536, 4, 'Consumidor Final', '2025-09-02 19:06:06', 2.25),
(537, 2, 'Consumidor Final', '2025-10-27 19:06:06', 15.00),
(538, 3, 'Consumidor Final', '2025-04-09 19:06:06', 11.50),
(539, 2, 'Consumidor Final', '2024-12-22 19:06:06', 13.50),
(540, 1, 'Consumidor Final', '2024-12-07 19:06:06', 15.00),
(541, 1, 'Consumidor Final', '2025-11-01 19:06:06', 2.25),
(542, 4, 'Consumidor Final', '2025-02-09 19:06:06', 9.00),
(543, 4, 'Consumidor Final', '2025-10-07 19:06:06', 5.00),
(544, 1, 'Consumidor Final', '2024-12-30 19:06:06', 13.50),
(545, 1, 'Consumidor Final', '2025-09-12 19:06:06', 4.50),
(546, 4, 'Consumidor Final', '2025-08-03 19:06:06', 11.50),
(547, 2, 'Consumidor Final', '2025-10-03 19:06:06', 28.00),
(548, 1, 'Consumidor Final', '2025-08-11 19:06:06', 42.00),
(549, 1, 'Consumidor Final', '2025-08-15 19:06:06', 21.50),
(550, 1, 'Consumidor Final', '2025-01-26 19:06:06', 6.75),
(551, 4, 'Consumidor Final', '2025-11-18 19:06:06', 6.00),
(552, 2, 'Consumidor Final', '2025-07-01 19:06:06', 4.50),
(553, 3, 'Consumidor Final', '2025-04-10 19:06:06', 11.00),
(554, 3, 'Consumidor Final', '2025-11-22 19:06:06', 7.50),
(555, 3, 'Consumidor Final', '2025-07-03 19:06:06', 23.00),
(556, 3, 'Consumidor Final', '2025-01-01 19:06:06', 33.00),
(557, 3, 'Consumidor Final', '2025-07-15 19:06:06', 13.00),
(558, 2, 'Consumidor Final', '2025-02-12 19:06:06', 43.00),
(559, 1, 'Consumidor Final', '2025-05-16 19:06:06', 4.50),
(560, 2, 'Consumidor Final', '2025-11-02 19:06:06', 42.00),
(561, 1, 'Consumidor Final', '2025-01-12 19:06:06', 23.00),
(562, 3, 'Consumidor Final', '2025-01-15 19:06:06', 29.40),
(563, 4, 'Consumidor Final', '2025-04-06 19:06:06', 6.75),
(564, 4, 'Consumidor Final', '2025-09-30 19:06:06', 7.50),
(565, 4, 'Consumidor Final', '2025-04-24 19:06:06', 9.00),
(566, 4, 'Consumidor Final', '2025-02-11 19:06:06', 11.50),
(567, 2, 'Consumidor Final', '2024-12-18 19:06:06', 33.00),
(568, 1, 'Consumidor Final', '2025-01-25 19:06:06', 15.00),
(569, 3, 'Consumidor Final', '2025-04-08 19:06:06', 22.50),
(570, 2, 'Consumidor Final', '2025-03-17 19:06:06', 27.75),
(571, 4, 'Consumidor Final', '2025-05-31 19:06:06', 3.75),
(572, 4, 'Consumidor Final', '2025-01-11 19:06:06', 27.75),
(573, 3, 'Consumidor Final', '2025-04-09 19:06:06', 5.00),
(574, 4, 'Consumidor Final', '2025-06-06 19:06:06', 15.00),
(575, 4, 'Consumidor Final', '2025-09-06 19:06:06', 36.00),
(576, 3, 'Consumidor Final', '2025-07-29 19:06:06', 22.00),
(577, 4, 'Consumidor Final', '2025-04-14 19:06:06', 5.00),
(578, 1, 'Consumidor Final', '2025-10-22 19:06:06', 22.50),
(579, 2, 'Consumidor Final', '2025-03-11 19:06:06', 7.50),
(580, 3, 'Consumidor Final', '2025-04-29 19:06:06', 9.25),
(581, 1, 'Consumidor Final', '2025-06-09 19:06:06', 10.00),
(582, 2, 'Consumidor Final', '2025-09-01 19:06:06', 6.00),
(583, 2, 'Consumidor Final', '2025-11-20 19:06:06', 33.00),
(584, 4, 'Consumidor Final', '2025-01-06 19:06:06', 36.00),
(585, 4, 'Consumidor Final', '2025-10-22 19:06:06', 2.50),
(586, 4, 'Consumidor Final', '2024-12-13 19:06:06', 28.00),
(587, 2, 'Consumidor Final', '2025-04-29 19:06:06', 9.25),
(588, 3, 'Consumidor Final', '2025-08-24 19:06:06', 22.00),
(589, 1, 'Consumidor Final', '2025-04-02 19:06:06', 9.00),
(590, 3, 'Consumidor Final', '2025-05-06 19:06:06', 10.00),
(591, 2, 'Consumidor Final', '2025-08-16 19:06:06', 19.60),
(592, 1, 'Consumidor Final', '2025-07-03 19:06:06', 7.50),
(593, 2, 'Consumidor Final', '2025-11-14 19:06:06', 6.00),
(594, 2, 'Consumidor Final', '2025-03-10 19:06:06', 29.40),
(595, 2, 'Consumidor Final', '2024-12-24 19:06:06', 2.50),
(596, 3, 'Consumidor Final', '2025-04-22 19:06:06', 6.00),
(597, 1, 'Consumidor Final', '2025-07-19 19:06:06', 3.00),
(598, 1, 'Consumidor Final', '2025-05-09 19:06:06', 2.50),
(599, 2, 'Consumidor Final', '2025-01-17 19:06:06', 33.00),
(600, 1, 'Consumidor Final', '2025-02-17 19:06:06', 6.00),
(601, 2, 'Consumidor Final', '2025-10-19 19:06:06', 23.00),
(602, 3, 'Consumidor Final', '2025-06-27 19:06:06', 9.00),
(603, 1, 'Consumidor Final', '2025-02-11 19:06:06', 8.50),
(604, 4, 'Consumidor Final', '2025-01-07 19:06:06', 18.50),
(605, 1, 'Consumidor Final', '2025-11-12 19:06:06', 42.00),
(606, 2, 'Consumidor Final', '2025-03-23 19:06:06', 2.50),
(607, 1, 'Consumidor Final', '2025-05-05 19:06:06', 3.00),
(608, 1, 'Consumidor Final', '2025-11-29 19:06:06', 23.00),
(609, 3, 'Consumidor Final', '2025-06-08 19:06:06', 13.50),
(610, 2, 'Consumidor Final', '2025-09-06 19:06:06', 6.75),
(611, 4, 'Consumidor Final', '2025-01-22 19:06:06', 29.40),
(612, 4, 'Consumidor Final', '2025-02-04 19:06:06', 20.25),
(613, 3, 'Consumidor Final', '2024-12-14 19:06:06', 64.50),
(614, 4, 'Consumidor Final', '2025-06-27 19:06:06', 2.50),
(615, 1, 'Consumidor Final', '2025-08-19 19:06:06', 4.50),
(616, 3, 'Consumidor Final', '2025-04-12 19:06:06', 23.00),
(617, 3, 'Consumidor Final', '2025-05-29 19:06:06', 9.25),
(618, 4, 'Consumidor Final', '2025-02-23 19:06:06', 27.75),
(619, 2, 'Consumidor Final', '2025-04-27 19:06:06', 17.00),
(620, 4, 'Consumidor Final', '2025-07-15 19:06:06', 25.50),
(621, 2, 'Consumidor Final', '2025-04-01 19:06:06', 42.00),
(622, 2, 'Consumidor Final', '2025-04-05 19:06:06', 14.00),
(623, 1, 'Consumidor Final', '2025-02-13 19:06:06', 9.25),
(624, 3, 'Consumidor Final', '2025-04-21 19:06:06', 6.00),
(625, 4, 'Consumidor Final', '2025-08-07 19:06:06', 10.00),
(626, 4, 'Consumidor Final', '2024-12-25 19:06:06', 22.50),
(627, 3, 'Consumidor Final', '2025-09-23 19:06:06', 34.50),
(628, 3, 'Consumidor Final', '2025-04-14 19:06:06', 14.00),
(629, 3, 'Consumidor Final', '2025-10-01 19:06:06', 7.50),
(630, 1, 'Consumidor Final', '2025-02-14 19:06:06', 17.00),
(631, 2, 'Consumidor Final', '2025-02-24 19:06:06', 3.00),
(632, 4, 'Consumidor Final', '2025-08-04 19:06:06', 19.60),
(633, 1, 'Consumidor Final', '2024-12-08 19:06:06', 5.00),
(634, 4, 'Consumidor Final', '2025-03-26 19:06:06', 5.00),
(635, 3, 'Consumidor Final', '2025-07-25 19:06:06', 22.50),
(636, 4, 'Consumidor Final', '2025-07-05 19:06:06', 2.50),
(637, 3, 'Consumidor Final', '2025-06-15 19:06:06', 43.00),
(638, 1, 'Consumidor Final', '2025-11-06 19:06:06', 5.00),
(639, 2, 'Consumidor Final', '2025-02-12 19:06:06', 4.50),
(640, 1, 'Consumidor Final', '2025-01-07 19:06:06', 15.00),
(641, 1, 'Consumidor Final', '2025-04-08 19:06:06', 10.00),
(642, 4, 'Consumidor Final', '2025-01-16 19:06:06', 2.50),
(643, 4, 'Consumidor Final', '2025-07-30 19:06:06', 3.00),
(644, 1, 'Consumidor Final', '2025-07-23 19:06:06', 5.00),
(645, 1, 'Consumidor Final', '2025-03-27 19:06:06', 4.50),
(646, 3, 'Consumidor Final', '2025-09-06 19:06:06', 33.00),
(647, 2, 'Consumidor Final', '2025-10-12 19:06:06', 13.50),
(648, 2, 'Consumidor Final', '2025-06-26 19:06:06', 27.75),
(649, 2, 'Consumidor Final', '2025-04-02 19:06:06', 5.00),
(650, 2, 'Consumidor Final', '2025-06-29 19:06:06', 7.50),
(651, 3, 'Consumidor Final', '2025-11-08 19:06:06', 23.00),
(652, 2, 'Consumidor Final', '2025-03-05 19:06:06', 64.50),
(653, 2, 'Consumidor Final', '2025-05-10 19:06:06', 25.50),
(654, 2, 'Consumidor Final', '2025-04-23 19:06:06', 4.50),
(655, 2, 'Consumidor Final', '2025-11-28 19:06:06', 9.00),
(656, 4, 'Consumidor Final', '2025-10-06 19:06:06', 28.00),
(657, 2, 'Consumidor Final', '2025-05-09 19:06:06', 23.00),
(658, 3, 'Consumidor Final', '2025-08-04 19:06:06', 5.00),
(659, 3, 'Consumidor Final', '2025-11-04 19:06:06', 64.50),
(660, 4, 'Consumidor Final', '2024-12-15 19:06:06', 17.00),
(661, 3, 'Consumidor Final', '2025-07-13 19:06:06', 4.50),
(662, 2, 'Consumidor Final', '2025-03-06 19:06:06', 8.50),
(663, 2, 'Consumidor Final', '2025-10-30 19:06:06', 12.00),
(664, 4, 'Consumidor Final', '2025-01-03 19:06:06', 2.50),
(665, 1, 'Consumidor Final', '2025-03-16 19:06:06', 42.00),
(666, 2, 'Consumidor Final', '2025-04-02 19:06:06', 6.75),
(667, 1, 'Consumidor Final', '2025-07-20 19:06:06', 12.00),
(668, 2, 'Consumidor Final', '2025-09-18 19:06:06', 28.00),
(669, 3, 'Consumidor Final', '2025-02-06 19:06:06', 5.00),
(670, 2, 'Consumidor Final', '2025-11-03 19:06:06', 13.00),
(671, 1, 'Consumidor Final', '2025-06-05 19:06:06', 20.25),
(672, 2, 'Consumidor Final', '2025-10-03 19:06:06', 7.50),
(673, 1, 'Consumidor Final', '2025-04-28 19:06:06', 20.25),
(674, 3, 'Consumidor Final', '2025-05-27 19:06:06', 3.00),
(675, 4, 'Consumidor Final', '2025-02-15 19:06:06', 6.50),
(676, 1, 'Consumidor Final', '2025-11-28 19:06:06', 22.50),
(677, 1, 'Consumidor Final', '2025-09-03 19:06:06', 10.00),
(678, 2, 'Consumidor Final', '2025-12-04 19:06:06', 20.25),
(679, 4, 'Consumidor Final', '2025-09-18 19:06:06', 5.00),
(680, 3, 'Consumidor Final', '2025-09-14 19:06:06', 25.50),
(681, 1, 'Consumidor Final', '2025-07-03 19:06:06', 6.75),
(682, 1, 'Consumidor Final', '2024-12-31 19:06:06', 7.50),
(683, 4, 'Consumidor Final', '2025-01-11 19:06:06', 6.00),
(684, 4, 'Consumidor Final', '2025-09-30 19:06:06', 7.50),
(685, 2, 'Consumidor Final', '2025-07-04 19:06:06', 28.00),
(686, 2, 'Consumidor Final', '2025-06-06 19:06:06', 5.00),
(687, 2, 'Consumidor Final', '2025-03-06 19:06:06', 6.75),
(688, 4, 'Consumidor Final', '2025-05-07 19:06:06', 18.00),
(689, 3, 'Consumidor Final', '2025-10-03 19:06:06', 7.50),
(690, 2, 'Consumidor Final', '2025-03-22 19:06:06', 15.00),
(691, 1, 'Consumidor Final', '2024-12-12 19:06:06', 7.50),
(692, 1, 'Consumidor Final', '2025-06-16 19:06:06', 12.00),
(693, 2, 'Consumidor Final', '2025-06-28 19:06:06', 2.50),
(694, 1, 'Consumidor Final', '2025-06-18 19:06:06', 15.00),
(695, 1, 'Consumidor Final', '2025-04-05 19:06:06', 5.00),
(696, 2, 'Consumidor Final', '2025-05-15 19:06:06', 22.00),
(697, 2, 'Consumidor Final', '2025-05-05 19:06:06', 19.60),
(698, 1, 'Consumidor Final', '2024-12-08 19:06:06', 14.00),
(699, 1, 'Consumidor Final', '2025-01-27 19:06:06', 17.00),
(700, 2, 'Consumidor Final', '2025-12-05 19:06:06', 36.00),
(701, 4, 'Consumidor Final', '2025-02-18 19:06:06', 9.00),
(702, 4, 'Consumidor Final', '2025-08-10 19:06:06', 20.25),
(703, 4, 'Consumidor Final', '2025-08-16 19:06:06', 2.50),
(704, 1, 'Consumidor Final', '2025-06-28 19:06:06', 4.50),
(705, 2, 'Consumidor Final', '2025-06-26 19:06:06', 13.50),
(706, 4, 'Consumidor Final', '2025-07-02 19:06:06', 11.50),
(707, 1, 'Consumidor Final', '2025-04-10 19:06:06', 27.75),
(708, 3, 'Consumidor Final', '2025-10-23 19:06:06', 25.50),
(709, 1, 'Consumidor Final', '2025-11-10 19:06:06', 6.50),
(710, 4, 'Consumidor Final', '2025-06-13 19:06:06', 13.50),
(711, 2, 'Consumidor Final', '2024-12-09 19:06:06', 23.00),
(712, 3, 'Consumidor Final', '2025-11-16 19:06:06', 2.50),
(713, 3, 'Consumidor Final', '2025-03-26 19:06:06', 6.00),
(714, 1, 'Consumidor Final', '2025-01-11 19:06:06', 7.50),
(715, 1, 'Consumidor Final', '2025-01-09 19:06:06', 24.00),
(716, 3, 'Consumidor Final', '2025-04-02 19:06:06', 6.75),
(717, 4, 'Consumidor Final', '2025-09-29 19:06:06', 15.00),
(718, 3, 'Consumidor Final', '2025-09-29 19:06:06', 22.00),
(719, 2, 'Consumidor Final', '2025-11-29 19:06:06', 9.00),
(720, 3, 'Consumidor Final', '2025-09-04 19:06:06', 3.75),
(721, 4, 'Consumidor Final', '2025-08-11 19:06:06', 20.25),
(722, 1, 'Consumidor Final', '2025-04-29 19:06:06', 2.50),
(723, 4, 'Consumidor Final', '2025-09-15 19:06:06', 13.50),
(724, 1, 'Consumidor Final', '2025-08-07 19:06:06', 28.00),
(725, 4, 'Consumidor Final', '2025-01-12 19:06:06', 24.00),
(726, 3, 'Consumidor Final', '2025-07-25 19:06:06', 33.00),
(727, 2, 'Consumidor Final', '2025-02-22 19:06:06', 13.50),
(728, 1, 'Consumidor Final', '2024-12-14 19:06:06', 5.00),
(729, 3, 'Consumidor Final', '2024-12-22 19:06:06', 6.75),
(730, 1, 'Consumidor Final', '2025-09-16 19:06:06', 34.50),
(731, 4, 'Consumidor Final', '2025-07-23 19:06:06', 36.00),
(732, 2, 'Consumidor Final', '2025-06-15 19:06:06', 22.00),
(733, 2, 'Consumidor Final', '2025-02-10 19:06:06', 14.00),
(734, 1, 'Consumidor Final', '2025-03-18 19:06:06', 42.00),
(735, 3, 'Consumidor Final', '2025-06-24 19:06:06', 3.00),
(736, 4, 'Consumidor Final', '2025-04-08 19:06:06', 14.00),
(737, 2, 'Consumidor Final', '2025-05-26 19:06:06', 12.00),
(738, 1, 'Consumidor Final', '2025-04-08 19:06:06', 3.75),
(739, 1, 'Consumidor Final', '2025-10-06 19:06:06', 18.00),
(740, 1, 'Consumidor Final', '2025-02-15 19:06:06', 2.50),
(741, 3, 'Consumidor Final', '2025-01-08 19:06:06', 6.00),
(742, 3, 'Consumidor Final', '2025-03-11 19:06:06', 21.50),
(743, 1, 'Consumidor Final', '2025-05-21 19:06:06', 17.00),
(744, 1, 'Consumidor Final', '2025-02-12 19:06:06', 20.25),
(745, 3, 'Consumidor Final', '2025-01-10 19:06:06', 14.00),
(746, 2, 'Consumidor Final', '2024-12-30 19:06:06', 18.00),
(747, 1, 'Consumidor Final', '2025-03-27 19:06:06', 43.00),
(748, 4, 'Consumidor Final', '2025-11-13 19:06:06', 28.00),
(749, 1, 'Consumidor Final', '2024-12-22 19:06:06', 9.80),
(750, 4, 'Consumidor Final', '2025-06-03 19:06:06', 29.40),
(751, 3, 'Consumidor Final', '2025-01-16 19:06:06', 28.00),
(752, 3, 'Consumidor Final', '2025-03-23 19:06:06', 20.25),
(753, 2, 'Consumidor Final', '2025-04-02 19:06:06', 11.50),
(754, 2, 'Consumidor Final', '2025-02-14 19:06:06', 5.00),
(755, 4, 'Consumidor Final', '2025-05-15 19:06:06', 6.00),
(756, 1, 'Consumidor Final', '2025-07-17 19:06:06', 5.00),
(757, 3, 'Consumidor Final', '2025-04-16 19:06:06', 22.50),
(758, 1, 'Consumidor Final', '2025-06-21 19:06:06', 11.00),
(759, 2, 'Consumidor Final', '2025-09-10 19:06:06', 7.50),
(760, 3, 'Consumidor Final', '2025-08-13 19:06:06', 29.40),
(761, 2, 'Consumidor Final', '2025-11-10 19:06:06', 27.75),
(762, 4, 'Consumidor Final', '2025-05-23 19:06:06', 4.50),
(763, 2, 'Consumidor Final', '2025-10-26 19:06:06', 8.50),
(764, 1, 'Consumidor Final', '2025-08-13 19:06:06', 42.00),
(765, 4, 'Consumidor Final', '2025-11-10 19:06:06', 19.50),
(766, 2, 'Consumidor Final', '2025-05-21 19:06:06', 3.00),
(767, 2, 'Consumidor Final', '2025-04-01 19:06:06', 11.25),
(768, 2, 'Consumidor Final', '2025-05-11 19:06:06', 13.00),
(769, 2, 'Consumidor Final', '2025-01-26 19:06:06', 14.00),
(770, 3, 'Consumidor Final', '2025-10-04 19:06:06', 43.00),
(771, 3, 'Consumidor Final', '2025-12-03 19:06:06', 6.00),
(772, 2, 'Consumidor Final', '2025-02-28 19:06:06', 19.60),
(773, 2, 'Consumidor Final', '2025-04-30 19:06:06', 20.25),
(774, 3, 'Consumidor Final', '2025-11-22 19:06:06', 25.50),
(775, 3, 'Consumidor Final', '2025-07-23 19:06:06', 5.00),
(776, 3, 'Consumidor Final', '2025-07-10 19:06:06', 12.00),
(777, 1, 'Consumidor Final', '2025-06-15 19:06:06', 9.80),
(778, 1, 'Consumidor Final', '2025-06-16 19:06:06', 29.40),
(779, 1, 'Consumidor Final', '2025-02-15 19:06:06', 7.50),
(780, 4, 'Consumidor Final', '2025-07-21 19:06:06', 43.00),
(781, 3, 'Consumidor Final', '2025-10-30 19:06:06', 15.00),
(782, 2, 'Consumidor Final', '2025-01-20 19:06:06', 10.00),
(783, 3, 'Consumidor Final', '2025-04-20 19:06:06', 13.50),
(784, 3, 'Consumidor Final', '2025-05-08 19:06:06', 18.00),
(785, 1, 'Consumidor Final', '2025-01-02 19:06:06', 9.00),
(786, 4, 'Consumidor Final', '2025-01-18 19:06:06', 18.50),
(787, 4, 'Consumidor Final', '2025-01-10 19:06:06', 15.00),
(788, 2, 'Consumidor Final', '2025-11-09 19:06:06', 33.00),
(789, 2, 'Consumidor Final', '2025-06-16 19:06:06', 29.40),
(790, 2, 'Consumidor Final', '2025-06-10 19:06:06', 7.50),
(791, 3, 'Consumidor Final', '2024-12-13 19:06:06', 15.00),
(792, 2, 'Consumidor Final', '2025-09-05 19:06:06', 19.50),
(793, 2, 'Consumidor Final', '2025-05-20 19:06:06', 33.00),
(794, 2, 'Consumidor Final', '2025-02-26 19:06:06', 13.50),
(795, 1, 'Consumidor Final', '2025-03-28 19:06:06', 13.50),
(796, 4, 'Consumidor Final', '2025-05-02 19:06:06', 10.00),
(797, 4, 'Consumidor Final', '2025-08-25 19:06:06', 11.00),
(798, 3, 'Consumidor Final', '2025-03-10 19:06:06', 2.50),
(799, 2, 'Consumidor Final', '2025-01-14 19:06:06', 9.25),
(800, 3, 'Consumidor Final', '2025-03-24 19:06:06', 14.00),
(801, 2, 'Consumidor Final', '2025-07-16 19:06:06', 8.50),
(802, 2, 'Consumidor Final', '2025-01-09 19:06:06', 7.50),
(803, 1, 'Consumidor Final', '2025-02-07 19:06:06', 11.00),
(804, 1, 'Consumidor Final', '2025-08-03 19:06:06', 21.50),
(805, 2, 'Consumidor Final', '2025-02-13 19:06:06', 11.50),
(806, 2, 'Consumidor Final', '2025-10-30 19:06:06', 9.25),
(807, 1, 'Consumidor Final', '2025-07-18 19:06:06', 29.40),
(808, 3, 'Consumidor Final', '2025-08-23 19:06:06', 6.00),
(809, 3, 'Consumidor Final', '2025-04-10 19:06:06', 23.00),
(810, 3, 'Consumidor Final', '2025-09-03 19:06:06', 13.00),
(811, 4, 'Consumidor Final', '2025-06-11 19:06:06', 43.00),
(812, 1, 'Consumidor Final', '2025-08-05 19:06:06', 34.50),
(813, 3, 'Consumidor Final', '2025-10-18 19:06:06', 19.50),
(814, 2, 'Consumidor Final', '2025-06-28 19:06:06', 8.50),
(815, 3, 'Consumidor Final', '2025-05-06 19:06:06', 27.75),
(816, 3, 'Consumidor Final', '2024-12-11 19:06:06', 5.00),
(817, 1, 'Consumidor Final', '2025-08-12 19:06:06', 7.50),
(818, 1, 'Consumidor Final', '2025-02-07 19:06:06', 34.50),
(819, 3, 'Consumidor Final', '2025-07-02 19:06:06', 2.50),
(820, 1, 'Consumidor Final', '2025-05-07 19:06:06', 34.50),
(821, 4, 'Consumidor Final', '2025-11-09 19:06:06', 19.50),
(822, 4, 'Consumidor Final', '2025-05-16 19:06:06', 18.00),
(823, 4, 'Consumidor Final', '2025-04-26 19:06:06', 22.50),
(824, 2, 'Consumidor Final', '2025-09-13 19:06:06', 13.50),
(825, 2, 'Consumidor Final', '2025-09-05 19:06:06', 17.00),
(826, 2, 'Consumidor Final', '2025-09-13 19:06:06', 9.80),
(827, 1, 'Consumidor Final', '2025-01-20 19:06:06', 9.00),
(828, 3, 'Consumidor Final', '2025-08-06 19:06:06', 9.00),
(829, 3, 'Consumidor Final', '2025-02-27 19:06:06', 19.60),
(830, 3, 'Consumidor Final', '2025-04-20 19:06:06', 21.50),
(831, 1, 'Consumidor Final', '2024-12-09 19:06:06', 5.00),
(832, 4, 'Consumidor Final', '2025-05-06 19:06:06', 2.50),
(833, 3, 'Consumidor Final', '2025-11-16 19:06:06', 10.00),
(834, 1, 'Consumidor Final', '2025-11-28 19:06:06', 27.75),
(835, 1, 'Consumidor Final', '2024-12-18 19:06:06', 21.50),
(836, 1, 'Consumidor Final', '2025-04-09 19:06:06', 9.25),
(837, 1, 'Consumidor Final', '2025-05-17 19:06:06', 19.60),
(838, 3, 'Consumidor Final', '2025-01-16 19:06:06', 10.00),
(839, 1, 'Consumidor Final', '2025-07-29 19:06:06', 22.00),
(840, 4, 'Consumidor Final', '2025-08-22 19:06:06', 20.25),
(841, 3, 'Consumidor Final', '2025-02-14 19:06:06', 4.50),
(842, 1, 'Consumidor Final', '2025-11-10 19:06:06', 23.00),
(843, 3, 'Consumidor Final', '2025-11-02 19:06:06', 3.00),
(844, 1, 'Consumidor Final', '2025-04-08 19:06:06', 20.25),
(845, 1, 'Consumidor Final', '2025-05-29 19:06:06', 7.50),
(846, 4, 'Consumidor Final', '2024-12-14 19:06:06', 18.00),
(847, 3, 'Consumidor Final', '2025-10-29 19:06:06', 18.50),
(848, 1, 'Consumidor Final', '2025-06-08 19:06:06', 43.00),
(849, 1, 'Consumidor Final', '2025-02-28 19:06:06', 20.25),
(850, 1, 'Consumidor Final', '2025-05-25 19:06:06', 7.50),
(851, 4, 'Consumidor Final', '2024-12-13 19:06:06', 19.50),
(852, 3, 'Consumidor Final', '2025-08-15 19:06:06', 13.50),
(853, 4, 'Consumidor Final', '2025-04-22 19:06:06', 22.00),
(854, 4, 'Consumidor Final', '2025-07-30 19:06:06', 15.00),
(855, 4, 'Consumidor Final', '2025-10-01 19:06:06', 10.00),
(856, 4, 'Consumidor Final', '2025-07-07 19:06:06', 9.80),
(857, 4, 'Consumidor Final', '2025-06-16 19:06:06', 43.00),
(858, 3, 'Consumidor Final', '2025-10-07 19:06:06', 11.25),
(859, 3, 'Consumidor Final', '2025-06-03 19:06:06', 28.00),
(860, 3, 'Consumidor Final', '2025-01-09 19:06:06', 9.25),
(861, 2, 'Consumidor Final', '2025-06-11 19:06:06', 24.00),
(862, 4, 'Consumidor Final', '2025-04-23 19:06:06', 5.00),
(863, 3, 'Consumidor Final', '2025-05-18 19:06:06', 18.00),
(864, 3, 'Consumidor Final', '2025-07-28 19:06:06', 9.25),
(865, 2, 'Consumidor Final', '2025-05-22 19:06:06', 27.75),
(866, 3, 'Consumidor Final', '2025-08-12 19:06:06', 24.00),
(867, 1, 'Consumidor Final', '2025-11-23 19:06:06', 11.25),
(868, 3, 'Consumidor Final', '2025-02-18 19:06:06', 17.00);
INSERT INTO `ventas` (`id_venta`, `id_usuario`, `cliente_nombre`, `fecha_venta`, `total`) VALUES
(869, 2, 'Consumidor Final', '2025-04-19 19:06:06', 9.00),
(870, 2, 'Consumidor Final', '2025-01-31 19:06:06', 13.50),
(871, 1, 'Consumidor Final', '2025-09-22 19:06:06', 34.50),
(872, 2, 'Consumidor Final', '2024-12-23 19:06:06', 2.50),
(873, 2, 'Consumidor Final', '2025-04-19 19:06:06', 23.00),
(874, 4, 'Consumidor Final', '2024-12-11 19:06:06', 2.25),
(875, 1, 'Consumidor Final', '2025-08-17 19:06:06', 9.25),
(876, 2, 'Consumidor Final', '2024-12-26 19:06:06', 5.00),
(877, 3, 'Consumidor Final', '2025-11-04 19:06:06', 3.00),
(878, 2, 'Consumidor Final', '2025-09-08 19:06:06', 11.00),
(879, 3, 'Consumidor Final', '2025-11-24 19:06:06', 2.50),
(880, 2, 'Consumidor Final', '2025-03-04 19:06:06', 5.00),
(881, 3, 'Consumidor Final', '2025-01-18 19:06:06', 22.50),
(882, 4, 'Consumidor Final', '2025-02-20 19:06:06', 9.80),
(883, 4, 'Consumidor Final', '2025-03-22 19:06:06', 5.00),
(884, 3, 'Consumidor Final', '2025-07-30 19:06:06', 7.50),
(885, 4, 'Consumidor Final', '2025-03-12 19:06:06', 11.00),
(886, 1, 'Consumidor Final', '2024-12-24 19:06:06', 29.40),
(887, 4, 'Consumidor Final', '2025-01-02 19:06:06', 21.50),
(888, 2, 'Consumidor Final', '2025-08-27 19:06:06', 12.00),
(889, 4, 'Consumidor Final', '2025-10-01 19:06:06', 19.50),
(890, 1, 'Consumidor Final', '2025-04-13 19:06:06', 8.50),
(891, 4, 'Consumidor Final', '2025-07-06 19:06:06', 19.60),
(892, 4, 'Consumidor Final', '2025-09-21 19:06:06', 5.00),
(893, 4, 'Consumidor Final', '2025-11-01 19:06:06', 15.00),
(894, 3, 'Consumidor Final', '2025-01-09 19:06:06', 15.00),
(895, 2, 'Consumidor Final', '2025-11-20 19:06:06', 4.50),
(896, 1, 'Consumidor Final', '2025-11-08 19:06:06', 36.00),
(897, 1, 'Consumidor Final', '2025-03-09 19:06:06', 11.25),
(898, 2, 'Consumidor Final', '2025-05-07 19:06:06', 10.00),
(899, 1, 'Consumidor Final', '2025-11-18 19:06:06', 9.00),
(900, 1, 'Consumidor Final', '2025-09-23 19:06:06', 11.00),
(901, 4, 'Consumidor Final', '2025-08-19 19:06:06', 9.00),
(902, 1, 'Consumidor Final', '2024-12-17 19:06:06', 43.00),
(903, 3, 'Consumidor Final', '2025-10-03 19:06:06', 7.50),
(904, 2, 'Consumidor Final', '2025-05-12 19:06:06', 3.75),
(905, 2, 'Consumidor Final', '2025-08-30 19:06:06', 19.60),
(906, 1, 'Consumidor Final', '2025-05-07 19:06:06', 42.00),
(907, 2, 'Consumidor Final', '2025-02-09 19:06:06', 11.50),
(908, 1, 'Consumidor Final', '2025-10-12 19:06:06', 17.00),
(909, 1, 'Consumidor Final', '2025-11-08 19:06:06', 14.00),
(910, 3, 'Consumidor Final', '2025-08-24 19:06:06', 42.00),
(911, 4, 'Consumidor Final', '2025-01-12 19:06:06', 13.50),
(912, 1, 'Consumidor Final', '2025-01-02 19:06:06', 21.50),
(913, 2, 'Consumidor Final', '2025-10-04 19:06:06', 6.75),
(914, 2, 'Consumidor Final', '2025-10-14 19:06:06', 20.25),
(915, 3, 'Consumidor Final', '2025-06-09 19:06:06', 18.50),
(916, 3, 'Consumidor Final', '2025-10-31 19:06:06', 3.00),
(917, 4, 'Consumidor Final', '2025-03-15 19:06:06', 11.50),
(918, 2, 'Consumidor Final', '2025-04-27 19:06:06', 24.00),
(919, 1, 'Consumidor Final', '2025-04-17 19:06:06', 28.00),
(920, 2, 'Consumidor Final', '2025-06-26 19:06:06', 11.00),
(921, 3, 'Consumidor Final', '2025-01-04 19:06:06', 7.50),
(922, 4, 'Consumidor Final', '2025-02-05 19:06:06', 4.50),
(923, 3, 'Consumidor Final', '2025-08-08 19:06:06', 14.00),
(924, 2, 'Consumidor Final', '2025-01-15 19:06:06', 22.00),
(925, 4, 'Consumidor Final', '2025-09-16 19:06:06', 7.50),
(926, 1, 'Consumidor Final', '2025-11-06 19:06:06', 5.00),
(927, 3, 'Consumidor Final', '2024-12-29 19:06:06', 8.50),
(928, 2, 'Consumidor Final', '2025-02-10 19:06:06', 28.00),
(929, 1, 'Consumidor Final', '2025-09-29 19:06:06', 17.00),
(930, 2, 'Consumidor Final', '2025-04-09 19:06:06', 9.00),
(931, 3, 'Consumidor Final', '2025-10-12 19:06:06', 36.00),
(932, 4, 'Consumidor Final', '2025-06-26 19:06:06', 17.00),
(933, 3, 'Consumidor Final', '2025-06-22 19:06:06', 15.00),
(934, 3, 'Consumidor Final', '2025-09-07 19:06:06', 13.50),
(935, 2, 'Consumidor Final', '2025-10-11 19:06:06', 43.00),
(936, 2, 'Consumidor Final', '2025-09-26 19:06:06', 22.00),
(937, 1, 'Consumidor Final', '2025-05-23 19:06:06', 19.60),
(938, 4, 'Consumidor Final', '2025-08-27 19:06:06', 10.00),
(939, 1, 'Consumidor Final', '2025-05-31 19:06:06', 8.50),
(940, 4, 'Consumidor Final', '2025-08-21 19:06:06', 2.50),
(941, 2, 'Consumidor Final', '2025-07-28 19:06:06', 23.00),
(942, 4, 'Consumidor Final', '2025-03-18 19:06:06', 15.00),
(943, 4, 'Consumidor Final', '2025-02-06 19:06:06', 12.00),
(944, 3, 'Consumidor Final', '2025-06-27 19:06:06', 18.50),
(945, 1, 'Consumidor Final', '2025-02-12 19:06:06', 13.50),
(946, 2, 'Consumidor Final', '2025-08-26 19:06:06', 12.00),
(947, 4, 'Consumidor Final', '2025-08-02 19:06:06', 33.00),
(948, 2, 'Consumidor Final', '2025-01-16 19:06:06', 11.00),
(949, 3, 'Consumidor Final', '2025-01-08 19:06:06', 64.50),
(950, 4, 'Consumidor Final', '2025-07-15 19:06:06', 7.50),
(951, 2, 'Consumidor Final', '2025-03-15 19:06:06', 5.00),
(952, 1, 'Consumidor Final', '2025-10-31 19:06:06', 13.50),
(953, 1, 'Consumidor Final', '2025-06-25 19:06:06', 42.00),
(954, 1, 'Consumidor Final', '2025-06-23 19:06:06', 9.80),
(955, 2, 'Consumidor Final', '2025-04-12 19:06:06', 22.50),
(956, 2, 'Consumidor Final', '2025-09-01 19:06:06', 42.00),
(957, 2, 'Consumidor Final', '2024-12-12 19:06:06', 5.00),
(958, 4, 'Consumidor Final', '2025-10-28 19:06:06', 14.00),
(959, 3, 'Consumidor Final', '2025-08-19 19:06:06', 9.25),
(960, 1, 'Consumidor Final', '2025-05-16 19:06:06', 28.00),
(961, 4, 'Consumidor Final', '2025-03-30 19:06:06', 6.00),
(962, 3, 'Consumidor Final', '2025-08-23 19:06:06', 12.00),
(963, 3, 'Consumidor Final', '2025-06-06 19:06:06', 36.00),
(964, 4, 'Consumidor Final', '2025-09-04 19:06:06', 42.00),
(965, 4, 'Consumidor Final', '2025-07-16 19:06:06', 5.00),
(966, 1, 'Consumidor Final', '2025-11-29 19:06:06', 22.00),
(967, 4, 'Consumidor Final', '2025-08-11 19:06:06', 5.00),
(968, 4, 'Consumidor Final', '2025-08-07 19:06:06', 5.00),
(969, 2, 'Consumidor Final', '2025-08-22 19:06:06', 2.50),
(970, 2, 'Consumidor Final', '2025-12-01 19:06:06', 5.00),
(971, 2, 'Consumidor Final', '2025-07-28 19:06:06', 28.00),
(972, 1, 'Consumidor Final', '2025-08-08 19:06:06', 7.50),
(973, 4, 'Consumidor Final', '2025-04-29 19:06:06', 23.00),
(974, 4, 'Consumidor Final', '2025-02-04 19:06:06', 2.50),
(975, 2, 'Consumidor Final', '2025-06-19 19:06:06', 7.50),
(976, 4, 'Consumidor Final', '2025-10-20 19:06:06', 7.50),
(977, 3, 'Consumidor Final', '2025-06-13 19:06:06', 7.50),
(978, 3, 'Consumidor Final', '2025-11-19 19:06:06', 7.50),
(979, 1, 'Consumidor Final', '2025-10-13 19:06:06', 33.00),
(980, 1, 'Consumidor Final', '2025-07-10 19:06:06', 42.00),
(981, 1, 'Consumidor Final', '2025-05-02 19:06:06', 11.00),
(982, 3, 'Consumidor Final', '2025-07-08 19:06:06', 4.50),
(983, 3, 'Consumidor Final', '2025-03-02 19:06:06', 13.50),
(984, 1, 'Consumidor Final', '2025-07-16 19:06:06', 7.50),
(985, 3, 'Consumidor Final', '2025-11-25 19:06:06', 18.00),
(986, 4, 'Consumidor Final', '2025-05-18 19:06:06', 17.00),
(987, 1, 'Consumidor Final', '2025-02-03 19:06:06', 34.50),
(988, 2, 'Consumidor Final', '2025-01-03 19:06:06', 7.50),
(989, 3, 'Consumidor Final', '2025-05-21 19:06:06', 13.50),
(990, 3, 'Consumidor Final', '2025-01-12 19:06:06', 15.00),
(991, 3, 'Consumidor Final', '2025-05-03 19:06:06', 36.00),
(992, 1, 'Consumidor Final', '2025-08-25 19:06:06', 28.00),
(993, 1, 'Consumidor Final', '2024-12-13 19:06:06', 17.00),
(994, 4, 'Consumidor Final', '2025-12-06 19:06:06', 28.00),
(995, 4, 'Consumidor Final', '2025-04-25 19:06:06', 8.50),
(996, 1, 'Consumidor Final', '2025-07-13 19:06:06', 42.00),
(997, 3, 'Consumidor Final', '2025-04-26 19:06:06', 28.00),
(998, 3, 'Consumidor Final', '2024-12-30 19:06:06', 25.50),
(999, 3, 'Consumidor Final', '2025-10-26 19:06:06', 3.00),
(1000, 3, 'Consumidor Final', '2025-02-13 19:06:06', 12.00),
(1001, 4, 'Consumidor Final', '2025-10-26 19:06:06', 5.00),
(1002, 3, 'Consumidor Final', '2025-05-02 19:06:06', 4.50),
(1003, 2, 'Consumidor Final', '2025-10-24 19:06:06', 43.00),
(1004, 2, 'Consumidor Final', '2025-05-23 19:06:06', 4.50),
(1005, 1, 'Consumidor Final', '2025-05-14 19:06:06', 7.50),
(1006, 2, 'Consumidor Final', '2025-05-29 19:06:06', 9.25),
(1007, 4, 'Consumidor Final', '2025-06-14 19:06:06', 12.00),
(1008, 1, 'Consumidor Final', '2025-08-07 19:06:06', 2.50),
(1009, 4, 'Consumidor Final', '2025-11-01 19:06:06', 25.50),
(1010, 1, 'Consumidor Final', '2025-02-27 19:06:06', 9.25),
(1011, 1, 'Consumidor Final', '2025-09-28 19:06:06', 7.50),
(1012, 4, 'Consumidor Final', '2025-11-16 19:06:06', 2.50),
(1013, 4, 'Consumidor Final', '2025-07-02 19:06:06', 15.00),
(1014, 2, 'Consumidor Final', '2025-09-02 19:06:06', 9.80),
(1015, 4, 'Consumidor Final', '2025-05-12 19:06:06', 7.50),
(1016, 3, 'Consumidor Final', '2025-07-16 19:06:06', 9.80),
(1017, 2, 'Consumidor Final', '2025-05-14 19:06:06', 7.50),
(1018, 3, 'Consumidor Final', '2025-09-09 19:06:06', 7.50),
(1019, 4, 'Consumidor Final', '2025-05-06 19:06:06', 33.00),
(1020, 2, 'Consumidor Final', '2025-05-04 19:06:06', 33.00),
(1021, 3, 'Consumidor Final', '2025-05-24 19:06:06', 6.00),
(1022, 1, 'Consumidor Final', '2025-06-01 19:06:06', 8.50),
(1023, 3, 'Consumidor Final', '2025-01-06 19:06:06', 2.50),
(1024, 1, 'Consumidor Final', '2025-06-20 19:06:06', 24.00),
(1025, 1, 'Consumidor Final', '2025-03-10 19:06:06', 42.00),
(1026, 2, 'Consumidor Final', '2025-10-14 19:06:06', 4.50),
(1027, 1, 'Consumidor Final', '2025-05-22 19:06:06', 9.25),
(1028, 2, 'Consumidor Final', '2025-07-21 19:06:06', 13.50),
(1029, 1, 'Consumidor Final', '2025-03-09 19:06:06', 19.50),
(1030, 1, 'Consumidor Final', '2025-11-16 19:06:06', 12.00),
(1031, 4, 'Consumidor Final', '2025-06-24 19:06:06', 29.40),
(1032, 1, 'Consumidor Final', '2025-02-23 19:06:06', 64.50),
(1033, 4, 'Consumidor Final', '2025-03-31 19:06:06', 43.00),
(1034, 1, 'Consumidor Final', '2024-12-28 19:06:06', 22.00),
(1035, 1, 'Consumidor Final', '2025-09-22 19:06:06', 19.60),
(1036, 4, 'Consumidor Final', '2025-11-07 19:06:06', 29.40),
(1037, 2, 'Consumidor Final', '2025-01-24 19:06:06', 22.00),
(1038, 4, 'Consumidor Final', '2025-09-19 19:06:06', 7.50),
(1039, 1, 'Consumidor Final', '2025-08-12 19:06:06', 13.00),
(1040, 3, 'Consumidor Final', '2025-06-15 19:06:06', 5.00),
(1041, 2, 'Consumidor Final', '2025-09-29 19:06:06', 7.50),
(1042, 2, 'Consumidor Final', '2024-12-09 19:06:06', 12.00),
(1043, 2, 'Consumidor Final', '2025-10-30 19:06:06', 7.50),
(1044, 2, 'Consumidor Final', '2025-05-26 19:06:06', 36.00),
(1045, 4, 'Consumidor Final', '2025-01-17 19:06:06', 36.00),
(1046, 3, 'Consumidor Final', '2025-11-19 19:06:06', 7.50),
(1047, 1, 'Consumidor Final', '2025-04-21 19:06:06', 13.50),
(1048, 2, 'Consumidor Final', '2025-01-01 19:06:06', 6.00),
(1049, 2, 'Consumidor Final', '2025-11-21 19:06:06', 33.00),
(1050, 4, 'Consumidor Final', '2025-04-19 19:06:06', 9.25),
(1051, 2, 'Consumidor Final', '2025-06-25 19:06:06', 9.00),
(1052, 2, 'Consumidor Final', '2025-06-05 19:06:06', 2.50),
(1053, 2, 'Consumidor Final', '2025-08-04 19:06:06', 6.00),
(1054, 4, 'Consumidor Final', '2025-09-25 19:06:06', 9.25),
(1055, 4, 'Consumidor Final', '2025-07-12 19:06:06', 3.75),
(1056, 4, 'Consumidor Final', '2025-08-18 19:06:06', 24.00),
(1057, 1, 'Consumidor Final', '2025-08-18 19:06:06', 19.60),
(1058, 1, 'Consumidor Final', '2024-12-20 19:06:06', 13.50),
(1059, 4, 'Consumidor Final', '2025-05-05 19:06:06', 7.50),
(1060, 2, 'Consumidor Final', '2025-07-05 19:06:06', 9.00),
(1061, 3, 'Consumidor Final', '2025-06-24 19:06:06', 11.00),
(1062, 3, 'Consumidor Final', '2025-11-08 19:06:06', 9.00),
(1063, 2, 'Consumidor Final', '2025-08-29 19:06:06', 2.50),
(1064, 1, 'Consumidor Final', '2025-07-19 19:06:06', 15.00),
(1065, 3, 'Consumidor Final', '2025-10-16 19:06:06', 2.50),
(1066, 2, 'Consumidor Final', '2025-06-13 19:06:06', 19.50),
(1067, 3, 'Consumidor Final', '2025-02-24 19:06:06', 18.00),
(1068, 2, 'Consumidor Final', '2025-09-18 19:06:06', 22.00),
(1069, 1, 'Consumidor Final', '2025-10-21 19:06:06', 2.50),
(1070, 3, 'Consumidor Final', '2025-10-24 19:06:06', 25.50),
(1071, 3, 'Consumidor Final', '2025-02-22 19:06:06', 29.40),
(1072, 3, 'Consumidor Final', '2025-09-19 19:06:06', 5.00),
(1073, 3, 'Consumidor Final', '2025-07-29 19:06:06', 6.50),
(1074, 3, 'Consumidor Final', '2025-02-05 19:06:06', 7.50),
(1075, 2, 'Consumidor Final', '2025-06-15 19:06:06', 11.00),
(1076, 3, 'Consumidor Final', '2025-08-24 19:06:06', 34.50),
(1077, 2, 'Consumidor Final', '2025-10-10 19:06:06', 19.50),
(1078, 2, 'Consumidor Final', '2025-09-24 19:06:06', 3.00),
(1079, 4, 'Consumidor Final', '2025-06-13 19:06:06', 11.00),
(1080, 1, 'Consumidor Final', '2024-12-25 19:06:06', 15.00),
(1081, 4, 'Consumidor Final', '2025-08-09 19:06:06', 5.00),
(1082, 3, 'Consumidor Final', '2024-12-27 19:06:06', 25.50),
(1083, 3, 'Consumidor Final', '2025-04-10 19:06:06', 29.40),
(1084, 2, 'Consumidor Final', '2025-10-21 19:06:06', 2.25),
(1085, 1, 'Consumidor Final', '2025-10-29 19:06:06', 19.60),
(1086, 3, 'Consumidor Final', '2025-06-18 19:06:06', 18.50),
(1087, 3, 'Consumidor Final', '2025-11-12 19:06:06', 29.40),
(1088, 4, 'Consumidor Final', '2025-08-19 19:06:06', 9.00),
(1089, 1, 'Consumidor Final', '2025-07-10 19:06:06', 7.50),
(1090, 3, 'Consumidor Final', '2025-07-06 19:06:06', 33.00),
(1091, 4, 'Consumidor Final', '2025-03-05 19:06:06', 20.25),
(1092, 2, 'Consumidor Final', '2025-07-05 19:06:06', 18.50),
(1093, 1, 'Consumidor Final', '2025-09-19 19:06:06', 6.00),
(1094, 1, 'Consumidor Final', '2025-03-02 19:06:06', 19.50),
(1095, 4, 'Consumidor Final', '2024-12-20 19:06:06', 15.00),
(1096, 3, 'Consumidor Final', '2025-10-04 19:06:06', 7.50),
(1097, 1, 'Consumidor Final', '2025-06-27 19:06:06', 2.50),
(1098, 4, 'Consumidor Final', '2025-03-22 19:06:06', 42.00),
(1099, 4, 'Consumidor Final', '2025-10-12 19:06:06', 18.50),
(1100, 4, 'Consumidor Final', '2025-01-11 19:06:06', 9.00),
(1101, 1, 'Consumidor Final', '2025-08-08 19:06:06', 15.00),
(1102, 2, 'Consumidor Final', '2025-09-17 19:06:06', 2.50),
(1103, 4, 'Consumidor Final', '2025-02-21 19:06:06', 4.50),
(1104, 1, 'Consumidor Final', '2025-06-26 19:06:06', 33.00),
(1105, 2, 'Consumidor Final', '2024-12-21 19:06:06', 11.00),
(1106, 2, 'Consumidor Final', '2025-03-25 19:06:06', 42.00),
(1107, 2, 'Consumidor Final', '2025-10-07 19:06:06', 9.80),
(1108, 3, 'Consumidor Final', '2025-07-06 19:06:06', 11.50),
(1109, 3, 'Consumidor Final', '2025-11-14 19:06:06', 22.00),
(1110, 2, 'Consumidor Final', '2025-08-03 19:06:06', 12.00),
(1111, 2, 'Consumidor Final', '2025-06-03 19:06:06', 19.60),
(1112, 1, 'Consumidor Final', '2025-01-29 19:06:06', 6.50),
(1113, 3, 'Consumidor Final', '2025-04-06 19:06:06', 5.00),
(1114, 2, 'Consumidor Final', '2025-05-22 19:06:06', 28.00),
(1115, 4, 'Consumidor Final', '2024-12-14 19:06:06', 7.50),
(1116, 1, 'Consumidor Final', '2025-02-11 19:06:06', 15.00),
(1117, 3, 'Consumidor Final', '2025-01-18 19:06:06', 28.00),
(1118, 3, 'Consumidor Final', '2024-12-10 19:06:06', 11.00),
(1119, 1, 'Consumidor Final', '2025-03-05 19:06:06', 12.00),
(1120, 3, 'Consumidor Final', '2025-08-23 19:06:06', 5.00),
(1121, 1, 'Consumidor Final', '2025-05-24 19:06:06', 7.50),
(1122, 2, 'Consumidor Final', '2025-11-06 19:06:06', 2.50),
(1123, 2, 'Consumidor Final', '2025-09-02 19:06:06', 10.00),
(1124, 4, 'Consumidor Final', '2025-10-06 19:06:06', 42.00),
(1125, 2, 'Consumidor Final', '2025-01-25 19:06:06', 22.00),
(1126, 4, 'Consumidor Final', '2025-03-08 19:06:06', 7.50),
(1127, 4, 'Consumidor Final', '2025-04-30 19:06:06', 33.00),
(1128, 2, 'Consumidor Final', '2024-12-10 19:06:06', 12.00),
(1129, 1, 'Consumidor Final', '2025-05-28 19:06:06', 3.00),
(1130, 3, 'Consumidor Final', '2025-05-05 19:06:06', 3.00),
(1131, 4, 'Consumidor Final', '2025-03-16 19:06:06', 22.00),
(1132, 3, 'Consumidor Final', '2024-12-25 19:06:06', 9.00),
(1133, 4, 'Consumidor Final', '2025-12-04 19:06:06', 5.00),
(1134, 3, 'Consumidor Final', '2025-04-18 19:06:06', 6.75),
(1135, 4, 'Consumidor Final', '2025-06-21 19:06:06', 22.00),
(1136, 3, 'Consumidor Final', '2025-05-11 19:06:06', 2.50),
(1137, 1, 'Consumidor Final', '2025-10-31 19:06:06', 9.00),
(1138, 1, 'Consumidor Final', '2025-09-19 19:06:06', 15.00),
(1139, 1, 'Consumidor Final', '2025-04-22 19:06:06', 13.50),
(1140, 2, 'Consumidor Final', '2025-01-03 19:06:06', 13.50),
(1141, 4, 'Consumidor Final', '2025-06-05 19:06:06', 24.00),
(1142, 2, 'Consumidor Final', '2025-02-12 19:06:06', 12.00),
(1143, 1, 'Consumidor Final', '2025-10-02 19:06:06', 7.50),
(1144, 4, 'Consumidor Final', '2025-08-22 19:06:06', 6.00),
(1145, 1, 'Consumidor Final', '2025-08-19 19:06:06', 9.00),
(1146, 1, 'Consumidor Final', '2025-10-31 19:06:06', 2.50),
(1147, 3, 'Consumidor Final', '2025-09-25 19:06:06', 42.00),
(1148, 2, 'Consumidor Final', '2025-05-14 19:06:06', 24.00),
(1149, 3, 'Consumidor Final', '2025-11-26 19:06:06', 42.00),
(1150, 1, 'Consumidor Final', '2025-09-03 19:06:06', 28.00),
(1151, 2, 'Consumidor Final', '2025-05-08 19:06:06', 7.50),
(1152, 4, 'Consumidor Final', '2025-07-05 19:06:06', 22.50),
(1153, 1, 'Consumidor Final', '2025-01-21 19:06:06', 34.50),
(1154, 2, 'Consumidor Final', '2025-01-13 19:06:06', 6.00),
(1155, 4, 'Consumidor Final', '2025-08-28 19:06:06', 7.50),
(1156, 2, 'Consumidor Final', '2025-04-27 19:06:06', 25.50),
(1157, 2, 'Consumidor Final', '2025-12-05 19:06:06', 2.25),
(1158, 1, 'Consumidor Final', '2025-06-21 19:06:06', 2.50),
(1159, 3, 'Consumidor Final', '2025-09-16 19:06:06', 6.00),
(1160, 3, 'Consumidor Final', '2025-08-23 19:06:06', 6.00),
(1161, 1, 'Consumidor Final', '2025-05-16 19:06:06', 6.75),
(1162, 1, 'Consumidor Final', '2025-06-03 19:06:06', 28.00),
(1163, 3, 'Consumidor Final', '2025-01-01 19:06:06', 25.50),
(1164, 1, 'Consumidor Final', '2025-07-27 19:06:06', 36.00),
(1165, 3, 'Consumidor Final', '2025-10-09 19:06:06', 2.50),
(1166, 4, 'Consumidor Final', '2025-09-08 19:06:06', 43.00),
(1167, 3, 'Consumidor Final', '2025-01-30 19:06:06', 22.00),
(1168, 3, 'Consumidor Final', '2025-09-26 19:06:06', 24.00),
(1169, 1, 'Consumidor Final', '2025-02-11 19:06:06', 22.00),
(1170, 1, 'Consumidor Final', '2025-08-18 19:06:06', 5.00),
(1171, 4, 'Consumidor Final', '2025-01-09 19:06:06', 6.00),
(1172, 3, 'Consumidor Final', '2025-01-24 19:06:06', 9.25),
(1173, 1, 'Consumidor Final', '2025-01-28 19:06:06', 17.00),
(1174, 3, 'Consumidor Final', '2025-09-19 19:06:06', 9.00),
(1175, 4, 'Consumidor Final', '2025-03-08 19:06:06', 2.50),
(1176, 2, 'Consumidor Final', '2025-05-30 19:06:06', 64.50),
(1177, 3, 'Consumidor Final', '2025-04-11 19:06:06', 13.50),
(1178, 2, 'Consumidor Final', '2024-12-26 19:06:06', 22.50),
(1179, 3, 'Consumidor Final', '2025-09-21 19:06:06', 19.60),
(1180, 1, 'Consumidor Final', '2025-08-19 19:06:06', 24.00),
(1181, 2, 'Consumidor Final', '2025-06-19 19:06:06', 22.00),
(1182, 2, 'Consumidor Final', '2025-07-07 19:06:06', 12.00),
(1183, 1, 'Consumidor Final', '2025-09-16 19:06:06', 64.50),
(1184, 4, 'Consumidor Final', '2025-05-07 19:06:06', 34.50),
(1185, 4, 'Consumidor Final', '2025-08-10 19:06:06', 4.50),
(1186, 4, 'Consumidor Final', '2025-09-11 19:06:06', 11.00),
(1187, 1, 'Consumidor Final', '2025-09-28 19:06:06', 7.50),
(1188, 4, 'Consumidor Final', '2025-01-08 19:06:06', 19.60),
(1189, 3, 'Consumidor Final', '2025-10-08 19:06:06', 6.00),
(1190, 2, 'Consumidor Final', '2025-11-01 19:06:06', 34.50),
(1191, 4, 'Consumidor Final', '2025-08-13 19:06:06', 11.25),
(1192, 4, 'Consumidor Final', '2025-06-07 19:06:06', 33.00),
(1193, 3, 'Consumidor Final', '2025-04-24 19:06:06', 6.50),
(1194, 2, 'Consumidor Final', '2025-09-17 19:06:06', 22.00),
(1195, 1, 'Consumidor Final', '2025-01-27 19:06:06', 3.00),
(1196, 1, 'Consumidor Final', '2025-08-02 19:06:06', 7.50),
(1197, 1, 'Consumidor Final', '2025-02-19 19:06:06', 4.50),
(1198, 1, 'Consumidor Final', '2025-09-08 19:06:06', 6.00),
(1199, 4, 'Consumidor Final', '2024-12-08 19:06:06', 17.00),
(1200, 3, 'Consumidor Final', '2025-02-12 19:06:06', 15.00),
(1201, 4, 'Consumidor Final', '2025-02-22 19:06:06', 29.40);
COMMIT;

/*!40101 SET CHARACTER_SET_CLIENT=@OLD_CHARACTER_SET_CLIENT */;
/*!40101 SET CHARACTER_SET_RESULTS=@OLD_CHARACTER_SET_RESULTS */;
/*!40101 SET COLLATION_CONNECTION=@OLD_COLLATION_CONNECTION */;
